{"fw":5020,"mver":"2.2.1","lts":10,"dst_name":"139.162.27.28","af":4,"dst_addr":"139.162.27.28","src_addr":"213.108.25.10","proto":"ICMP","ttl":52,"size":32,"result":[{"rtt":270.512078},{"rtt":270.444368},{"rtt":270.552751}],"dup":0,"rcvd":3,"sent":3,"min":270.444368,"max":270.552751,"avg":270.5030656667,"msm_id":1027,"prb_id":6851,"timestamp":1613779338,"msm_name":"Ping","from":"213.108.25.10","type":"ping","step":240}
{"fw":5020,"mver":"2.2.1","lts":11,"dst_name":"2a00:1f78:af:c::2","af":6,"dst_addr":"2a00:1f78:af:c::2","src_addr":"2001:67c:124c:e000::10","proto":"ICMP","ttl":53,"size":64,"result":[{"rtt":21.895469},{"rtt":21.677015},{"rtt":21.843388}],"dup":0,"rcvd":3,"sent":3,"min":21.677015,"max":21.895469,"avg":21.8052906667,"msm_id":19652971,"prb_id":6851,"timestamp":1613779339,"msm_name":"Ping","from":"2001:67c:124c:e000::10","type":"ping","group_id":19652970,"step":240}
{"fw":5020,"mver":"2.2.1","lts":11,"dst_name":"2001:43f8:7b0:10::42","af":6,"dst_addr":"2001:43f8:7b0:10::42","src_addr":"2001:67c:124c:e000::10","proto":"ICMP","ttl":51,"size":64,"result":[{"rtt":193.3297},{"rtt":193.391521},{"rtt":193.471271}],"dup":0,"rcvd":3,"sent":3,"min":193.3297,"max":193.471271,"avg":193.3974973333,"msm_id":27849465,"prb_id":6851,"timestamp":1613779339,"msm_name":"Ping","from":"2001:67c:124c:e000::10","type":"ping","group_id":27849464,"step":240}
{"fw":5020,"mver":"2.2.1","lts":11,"dst_name":"152.195.112.52","af":4,"dst_addr":"152.195.112.52","src_addr":"213.108.25.10","proto":"ICMP","ttl":52,"size":64,"result":[{"rtt":276.843178},{"rtt":276.9693},{"rtt":276.933858}],"dup":0,"rcvd":3,"sent":3,"min":276.843178,"max":276.9693,"avg":276.9154453333,"msm_id":14429297,"prb_id":6851,"timestamp":1613779339,"msm_name":"Ping","from":"213.108.25.10","type":"ping","group_id":14429296,"step":240}
{"fw":5020,"mver":"2.2.1","lts":12,"dst_name":"2a03:9180:0:100::2a","af":6,"dst_addr":"2a03:9180:0:100::2a","src_addr":"2001:67c:124c:e000::10","proto":"ICMP","ttl":52,"size":64,"result":[{"rtt":44.38201},{"rtt":44.423372},{"rtt":44.377164}],"dup":0,"rcvd":3,"sent":3,"min":44.377164,"max":44.423372,"avg":44.394182,"msm_id":19373236,"prb_id":6851,"timestamp":1613779340,"msm_name":"Ping","from":"2001:67c:124c:e000::10","type":"ping","group_id":19373235,"step":240}
{"fw":5020,"mver":"2.2.1","lts":12,"dst_name":"109.171.136.4","af":4,"dst_addr":"109.171.136.4","src_addr":"213.108.25.10","proto":"ICMP","ttl":55,"size":64,"result":[{"rtt":94.895673},{"rtt":94.958854},{"rtt":94.938731}],"dup":0,"rcvd":3,"sent":3,"min":94.895673,"max":94.958854,"avg":94.931086,"msm_id":17800703,"prb_id":6851,"timestamp":1613779340,"msm_name":"Ping","from":"213.108.25.10","type":"ping","group_id":17800702,"step":240}
{"fw":5020,"mver":"2.2.1","lts":13,"dst_name":"2a00:6d40:200:5::132","af":6,"dst_addr":"2a00:6d40:200:5::132","src_addr":"2001:67c:124c:e000::10","proto":"ICMP","ttl":54,"size":64,"result":[{"rtt":43.578151},{"rtt":43.632356},{"rtt":43.67711}],"dup":0,"rcvd":3,"sent":3,"min":43.578151,"max":43.67711,"avg":43.6292056667,"msm_id":19850045,"prb_id":6851,"timestamp":1613779341,"msm_name":"Ping","from":"2001:67c:124c:e000::10","type":"ping","group_id":19850044,"step":240}
{"fw":5020,"mver":"2.2.1","lts":14,"dst_name":"2a03:5380:0:1962:e0ea:1a80:c8c9:ddd9","af":6,"dst_addr":"2a03:5380:0:1962:e0ea:1a80:c8c9:ddd9","src_addr":"2001:67c:124c:e000::10","proto":"ICMP","size":64,"result":[{"x":"*"},{"x":"*"},{"x":"*"}],"dup":0,"rcvd":0,"sent":3,"min":-1,"max":-1,"avg":-1,"msm_id":19926321,"prb_id":6851,"timestamp":1613779342,"msm_name":"Ping","from":"2001:67c:124c:e000::10","type":"ping","group_id":19926320,"step":240}
{"fw":5020,"mver":"2.2.1","lts":15,"dst_name":"2a03:32c0:9009::4","af":6,"dst_addr":"2a03:32c0:9009::4","src_addr":"2001:67c:124c:e000::10","proto":"ICMP","ttl":54,"size":64,"result":[{"rtt":74.097815},{"rtt":73.977161},{"rtt":74.073088}],"dup":0,"rcvd":3,"sent":3,"min":73.977161,"max":74.097815,"avg":74.0493546667,"msm_id":24256199,"prb_id":6851,"timestamp":1613779343,"msm_name":"Ping","from":"2001:67c:124c:e000::10","type":"ping","group_id":24256198,"step":240}
{"fw":5020,"mver":"2.2.1","lts":16,"dst_name":"2a03:90c0:c6::4d","af":6,"dst_addr":"2a03:90c0:c6::4d","src_addr":"2001:67c:124c:e000::10","proto":"ICMP","ttl":52,"size":64,"result":[{"rtt":125.114819},{"rtt":125.035568},{"rtt":125.227724}],"dup":0,"rcvd":3,"sent":3,"min":125.035568,"max":125.227724,"avg":125.126037,"msm_id":23157000,"prb_id":6851,"timestamp":1613779344,"msm_name":"Ping","from":"2001:67c:124c:e000::10","type":"ping","group_id":23156999,"step":240}
{"fw":5020,"mver":"2.2.1","lts":17,"dst_name":"185.157.231.49","af":4,"dst_addr":"185.157.231.49","src_addr":"213.108.25.10","proto":"ICMP","ttl":57,"size":64,"result":[{"rtt":57.396238},{"rtt":57.568795},{"rtt":57.393499}],"dup":0,"rcvd":3,"sent":3,"min":57.393499,"max":57.568795,"avg":57.452844,"msm_id":24472331,"prb_id":6851,"timestamp":1613779345,"msm_name":"Ping","from":"213.108.25.10","type":"ping","group_id":24472330,"step":240}
{"fw":5020,"mver":"2.2.1","lts":23,"dst_name":"2607:3380:1100:2::220","af":6,"dst_addr":"2607:3380:1100:2::220","src_addr":"2001:67c:124c:e000::10","proto":"ICMP","ttl":53,"size":64,"result":[{"rtt":95.43279},{"rtt":95.411092},{"rtt":95.407786}],"dup":0,"rcvd":3,"sent":3,"min":95.407786,"max":95.43279,"avg":95.4172226667,"msm_id":16489500,"prb_id":6851,"timestamp":1613779351,"msm_name":"Ping","from":"2001:67c:124c:e000::10","type":"ping","group_id":16489499,"step":240}
{"fw":5020,"mver":"2.2.1","lts":23,"dst_name":"103.41.247.100","af":4,"dst_addr":"103.41.247.100","src_addr":"213.108.25.10","proto":"ICMP","ttl":51,"size":64,"result":[{"rtt":213.369507},{"rtt":213.243883},{"rtt":213.501744}],"dup":0,"rcvd":3,"sent":3,"min":213.243883,"max":213.501744,"avg":213.3717113333,"msm_id":20367342,"prb_id":6851,"timestamp":1613779351,"msm_name":"Ping","from":"213.108.25.10","type":"ping","group_id":20367341,"step":240}
{"fw":5020,"mver":"2.2.1","lts":23,"dst_name":"200.94.182.170","af":4,"dst_addr":"200.94.182.170","src_addr":"213.108.25.10","proto":"ICMP","ttl":54,"size":64,"result":[{"rtt":204.655092},{"rtt":204.758452},{"rtt":204.669923}],"dup":0,"rcvd":3,"sent":3,"min":204.655092,"max":204.758452,"avg":204.694489,"msm_id":16437037,"prb_id":6851,"timestamp":1613779351,"msm_name":"Ping","from":"213.108.25.10","type":"ping","group_id":16437036,"step":240}
{"fw":5020,"mver":"2.2.1","lts":24,"dst_name":"2a0b:1306:1::254","af":6,"dst_addr":"2a0b:1306:1::254","src_addr":"2001:67c:124c:e000::10","proto":"ICMP","ttl":57,"size":64,"result":[{"rtt":158.834762},{"rtt":158.731825},{"rtt":158.723795}],"dup":0,"rcvd":3,"sent":3,"min":158.723795,"max":158.834762,"avg":158.7634606667,"msm_id":21115226,"prb_id":6851,"timestamp":1613779352,"msm_name":"Ping","from":"2001:67c:124c:e000::10","type":"ping","group_id":21115225,"step":240}
{"fw":5020,"mver":"2.2.1","lts":25,"dst_name":"185.149.214.109","af":4,"dst_addr":"185.149.214.109","src_addr":"213.108.25.10","proto":"ICMP","ttl":49,"size":64,"result":[{"rtt":43.255385},{"rtt":43.083719},{"rtt":43.127469}],"dup":0,"rcvd":3,"sent":3,"min":43.083719,"max":43.255385,"avg":43.1555243333,"msm_id":28329448,"prb_id":6851,"timestamp":1613779353,"msm_name":"Ping","from":"213.108.25.10","type":"ping","group_id":28329447,"step":240}
{"fw":5020,"mver":"2.2.1","lts":26,"dst_name":"35.187.225.53","af":4,"dst_addr":"35.187.225.53","src_addr":"213.108.25.10","proto":"ICMP","ttl":58,"size":64,"result":[{"rtt":221.508207},{"rtt":221.491375},{"rtt":221.608593}],"dup":0,"rcvd":3,"sent":3,"min":221.491375,"max":221.608593,"avg":221.5360583333,"msm_id":23735116,"prb_id":6851,"timestamp":1613779354,"msm_name":"Ping","from":"213.108.25.10","type":"ping","group_id":23735115,"step":240}
{"fw":5020,"mver":"2.2.1","lts":30,"dst_name":"2001:418:0:3005::2","af":6,"dst_addr":"2001:418:0:3005::2","src_addr":"2001:67c:124c:e000::10","proto":"ICMP","ttl":52,"size":48,"result":[{"rtt":122.51405},{"rtt":122.469096},{"rtt":122.483309}],"dup":0,"rcvd":3,"sent":3,"min":122.469096,"max":122.51405,"avg":122.4888183333,"msm_id":1666041,"prb_id":6851,"timestamp":1613779358,"msm_name":"Ping","from":"2001:67c:124c:e000::10","type":"ping","group_id":1666041,"step":240}
{"fw":5020,"mver":"2.2.1","lts":31,"dst_name":"77.234.51.79","af":4,"dst_addr":"77.234.51.79","src_addr":"213.108.25.10","proto":"ICMP","ttl":56,"size":48,"result":[{"rtt":7.977055},{"rtt":7.95315},{"rtt":7.952372}],"dup":0,"rcvd":3,"sent":3,"min":7.952372,"max":7.977055,"avg":7.960859,"msm_id":7969760,"prb_id":6851,"timestamp":1613779359,"msm_name":"Ping","from":"213.108.25.10","type":"ping","group_id":7969759,"step":240}
{"fw":5020,"mver":"2.2.1","lts":32,"dst_name":"2604:e180:de02::5","af":6,"dst_addr":"2604:e180:de02::5","src_addr":"2001:67c:124c:e000::10","proto":"ICMP","ttl":54,"size":64,"result":[{"rtt":154.795599},{"rtt":154.831647},{"rtt":154.858077}],"dup":0,"rcvd":3,"sent":3,"min":154.795599,"max":154.858077,"avg":154.828441,"msm_id":17174670,"prb_id":6851,"timestamp":1613779360,"msm_name":"Ping","from":"2001:67c:124c:e000::10","type":"ping","group_id":17174669,"step":240}
{"fw":5020,"mver":"2.2.1","lts":35,"dst_name":"196.192.112.244","af":4,"dst_addr":"196.192.112.244","src_addr":"213.108.25.10","proto":"ICMP","size":48,"result":[{"x":"*"},{"x":"*"},{"x":"*"}],"dup":0,"rcvd":0,"sent":3,"min":-1,"max":-1,"avg":-1,"msm_id":1664731,"prb_id":6851,"timestamp":1613779363,"msm_name":"Ping","from":"213.108.25.10","type":"ping","group_id":1664731,"step":240}
{"fw":5020,"mver":"2.2.1","lts":39,"dst_name":"141.105.133.30","af":4,"dst_addr":"141.105.133.30","src_addr":"213.108.25.10","proto":"ICMP","ttl":56,"size":64,"result":[{"rtt":54.910149},{"rtt":54.53787},{"rtt":54.585754}],"dup":0,"rcvd":3,"sent":3,"min":54.53787,"max":54.910149,"avg":54.6779243333,"msm_id":29089931,"prb_id":6851,"timestamp":1613779367,"msm_name":"Ping","from":"213.108.25.10","type":"ping","group_id":29089930,"step":240}
{"fw":5020,"mver":"2.2.1","lts":40,"dst_name":"2a03:90c0:d5::3d","af":6,"dst_addr":"2a03:90c0:d5::3d","src_addr":"2001:67c:124c:e000::10","proto":"ICMP","ttl":56,"size":64,"result":[{"rtt":28.816242},{"rtt":28.722693},{"rtt":28.633083}],"dup":0,"rcvd":3,"sent":3,"min":28.633083,"max":28.816242,"avg":28.724006,"msm_id":23414632,"prb_id":6851,"timestamp":1613779368,"msm_name":"Ping","from":"2001:67c:124c:e000::10","type":"ping","group_id":23414631,"step":240}
{"fw":5020,"mver":"2.2.1","lts":41,"dst_name":"188.241.28.37","af":4,"dst_addr":"188.241.28.37","src_addr":"213.108.25.10","proto":"ICMP","ttl":53,"size":64,"result":[{"rtt":41.332516},{"rtt":41.40493},{"rtt":41.291806}],"dup":0,"rcvd":3,"sent":3,"min":41.291806,"max":41.40493,"avg":41.343084,"msm_id":10509900,"prb_id":6851,"timestamp":1613779369,"msm_name":"Ping","from":"213.108.25.10","type":"ping","group_id":10509899,"step":240}
{"fw":5020,"mver":"2.2.1","lts":41,"dst_name":"45.77.229.242","af":4,"dst_addr":"45.77.229.242","src_addr":"213.108.25.10","proto":"ICMP","ttl":55,"size":64,"result":[{"rtt":35.065986},{"rtt":35.007126},{"rtt":34.988175}],"dup":0,"rcvd":3,"sent":3,"min":34.988175,"max":35.065986,"avg":35.020429,"msm_id":21992845,"prb_id":6851,"timestamp":1613779369,"msm_name":"Ping","from":"213.108.25.10","type":"ping","group_id":21992844,"step":240}
{"fw":4790,"lts":68,"dst_name":"91.132.8.99","af":4,"dst_addr":"91.132.8.99","src_addr":"62.26.26.42","proto":"ICMP","ttl":55,"size":64,"result":[{"rtt":14.391555},{"rtt":14.405379},{"rtt":14.350851}],"dup":0,"rcvd":3,"sent":3,"min":14.350851,"max":14.405379,"avg":14.382595,"msm_id":21985576,"prb_id":1451,"timestamp":1613779270,"msm_name":"Ping","from":"62.26.26.42","type":"ping","group_id":21985575,"step":240}
{"fw":4790,"lts":86,"dst_name":"2a03:90c0:1b5::3b","af":6,"dst_addr":"2a03:90c0:1b5::3b","src_addr":"2001:4090:ec2::ffff:42","proto":"ICMP","ttl":56,"size":64,"result":[{"rtt":12.577539},{"rtt":12.724995},{"rtt":13.784835}],"dup":0,"rcvd":3,"sent":3,"min":12.577539,"max":13.784835,"avg":13.029123,"msm_id":23237501,"prb_id":1451,"timestamp":1613779288,"msm_name":"Ping","from":"2001:4090:ec2::ffff:42","type":"ping","group_id":23237500,"step":240}
{"fw":5020,"mver":"2.2.1","lts":16,"dst_name":"185.229.28.6","af":4,"dst_addr":"185.229.28.6","src_addr":"5.79.112.97","proto":"ICMP","ttl":51,"size":64,"result":[{"rtt":118.406766},{"rtt":114.857594},{"rtt":115.232611}],"dup":0,"rcvd":3,"sent":3,"min":114.857594,"max":118.406766,"avg":116.165657,"msm_id":22559420,"prb_id":6713,"timestamp":1613779264,"msm_name":"Ping","from":"5.79.112.97","type":"ping","group_id":22559419,"step":240}
{"fw":5020,"mver":"2.2.1","lts":16,"dst_name":"2a04:503:0:1008::76","af":6,"dst_addr":"2a04:503:0:1008::76","src_addr":"2001:1af8:4300:a040:aa00:1fff:faee:97","proto":"ICMP","ttl":58,"size":64,"result":[{"rtt":186.847972},{"rtt":187.929337}],"dup":0,"rcvd":2,"sent":2,"min":186.847972,"max":187.929337,"avg":187.3886545,"msm_id":28358947,"prb_id":6713,"timestamp":1613779264,"msm_name":"Ping","from":"2001:1af8:4300:a040:aa00:1fff:faee:97","type":"ping","group_id":28358946,"step":240}
{"fw":5020,"mver":"2.2.1","lts":17,"dst_name":"2606:fe00:0:2::239","af":6,"dst_addr":"2606:fe00:0:2::239","src_addr":"2001:1af8:4300:a040:aa00:1fff:faee:97","proto":"ICMP","ttl":54,"size":64,"result":[{"rtt":90.530004},{"rtt":90.341805},{"rtt":90.229249}],"dup":0,"rcvd":3,"sent":3,"min":90.229249,"max":90.530004,"avg":90.3670193333,"msm_id":25165886,"prb_id":6713,"timestamp":1613779265,"msm_name":"Ping","from":"2001:1af8:4300:a040:aa00:1fff:faee:97","type":"ping","group_id":25165885,"step":240}
{"fw":5020,"mver":"2.2.1","lts":17,"dst_name":"2a05:f480:1800:f69:5400:2ff:fe1c:184d","af":6,"dst_addr":"2a05:f480:1800:f69:5400:2ff:fe1c:184d","src_addr":"2001:1af8:4300:a040:aa00:1fff:faee:97","proto":"ICMP","ttl":55,"size":64,"result":[{"rtt":7.716762},{"rtt":7.720685},{"rtt":7.568384}],"dup":0,"rcvd":3,"sent":3,"min":7.568384,"max":7.720685,"avg":7.6686103333,"msm_id":21985156,"prb_id":6713,"timestamp":1613779265,"msm_name":"Ping","from":"2001:1af8:4300:a040:aa00:1fff:faee:97","type":"ping","group_id":21985155,"step":240}
{"fw":5020,"mver":"2.2.1","lts":20,"dst_name":"13.211.21.2","af":4,"dst_addr":"13.211.21.2","src_addr":"5.79.112.97","proto":"ICMP","ttl":44,"size":64,"result":[{"rtt":293.300071},{"rtt":293.298259},{"rtt":293.310325}],"dup":0,"rcvd":3,"sent":3,"min":293.298259,"max":293.310325,"avg":293.302885,"msm_id":18724681,"prb_id":6713,"timestamp":1613779268,"msm_name":"Ping","from":"5.79.112.97","type":"ping","group_id":18724680,"step":240}
{"fw":5020,"mver":"2.2.1","lts":21,"dst_name":"80.247.237.225","af":4,"dst_addr":"80.247.237.225","src_addr":"5.79.112.97","proto":"ICMP","ttl":49,"size":64,"result":[{"rtt":23.109705},{"rtt":23.022393},{"rtt":22.965731}],"dup":0,"rcvd":3,"sent":3,"min":22.965731,"max":23.109705,"avg":23.0326096667,"msm_id":9756881,"prb_id":6713,"timestamp":1613779269,"msm_name":"Ping","from":"5.79.112.97","type":"ping","group_id":9756880,"step":240}
{"fw":5020,"mver":"2.2.1","lts":24,"dst_name":"103.229.176.3","af":4,"dst_addr":"103.229.176.3","src_addr":"5.79.112.97","proto":"ICMP","size":48,"result":[{"x":"*"},{"x":"*"},{"x":"*"}],"dup":0,"rcvd":0,"sent":3,"min":-1,"max":-1,"avg":-1,"msm_id":7829820,"prb_id":6713,"timestamp":1613779272,"msm_name":"Ping","from":"5.79.112.97","type":"ping","group_id":7829819,"step":240}
{"fw":5020,"mver":"2.2.1","lts":24,"dst_name":"2001:718:1:1f:50:56ff:feee:119","af":6,"dst_addr":"2001:718:1:1f:50:56ff:feee:119","src_addr":"2001:1af8:4300:a040:aa00:1fff:faee:97","proto":"ICMP","ttl":56,"size":64,"result":[{"rtt":19.948292},{"rtt":16.483008},{"rtt":21.188126}],"dup":0,"rcvd":3,"sent":3,"min":16.483008,"max":21.188126,"avg":19.2064753333,"msm_id":25709273,"prb_id":6713,"timestamp":1613779272,"msm_name":"Ping","from":"2001:1af8:4300:a040:aa00:1fff:faee:97","type":"ping","group_id":25709272,"step":240}
{"fw":5020,"mver":"2.2.1","lts":26,"dst_name":"2a01:a700:4000::979","af":6,"dst_addr":"2a01:a700:4000::979","src_addr":"2001:1af8:4300:a040:aa00:1fff:faee:97","proto":"ICMP","ttl":58,"size":64,"result":[{"rtt":3.9023},{"rtt":3.776988},{"rtt":3.702796}],"dup":0,"rcvd":3,"sent":3,"min":3.702796,"max":3.9023,"avg":3.794028,"msm_id":14441449,"prb_id":6713,"timestamp":1613779274,"msm_name":"Ping","from":"2001:1af8:4300:a040:aa00:1fff:faee:97","type":"ping","group_id":14441448,"step":240}
{"fw":5020,"mver":"2.2.1","lts":28,"dst_name":"2607:3380:1200:2::220","af":6,"dst_addr":"2607:3380:1200:2::220","src_addr":"2001:1af8:4300:a040:aa00:1fff:faee:97","proto":"ICMP","size":64,"result":[{"x":"*"},{"x":"*"},{"x":"*"}],"dup":0,"rcvd":0,"sent":3,"min":-1,"max":-1,"avg":-1,"msm_id":16545151,"prb_id":6713,"timestamp":1613779276,"msm_name":"Ping","from":"2001:1af8:4300:a040:aa00:1fff:faee:97","type":"ping","group_id":16545150,"step":240}
{"fw":5020,"mver":"2.2.1","lts":30,"dst_name":"2001:1418:10:a::44","af":6,"dst_addr":"2001:1418:10:a::44","src_addr":"2001:1af8:4300:a040:aa00:1fff:faee:97","proto":"ICMP","ttl":57,"size":64,"result":[{"rtt":19.555764},{"rtt":19.561715},{"rtt":19.091969}],"dup":0,"rcvd":3,"sent":3,"min":19.091969,"max":19.561715,"avg":19.4031493333,"msm_id":10206813,"prb_id":6713,"timestamp":1613779278,"msm_name":"Ping","from":"2001:1af8:4300:a040:aa00:1fff:faee:97","type":"ping","group_id":10206812,"step":240}
{"fw":5020,"mver":"2.2.1","lts":32,"dst_name":"2001:d68:acce:5500::fffe:250","af":6,"dst_addr":"2001:d68:acce:5500::fffe:250","src_addr":"2001:1af8:4300:a040:aa00:1fff:faee:97","proto":"ICMP","size":64,"result":[{"x":"*"},{"x":"*"},{"x":"*"}],"dup":0,"rcvd":0,"sent":3,"min":-1,"max":-1,"avg":-1,"msm_id":24639883,"prb_id":6713,"timestamp":1613779280,"msm_name":"Ping","from":"2001:1af8:4300:a040:aa00:1fff:faee:97","type":"ping","group_id":24639882,"step":240}
{"fw":5020,"mver":"2.2.1","lts":35,"dst_name":"213.156.231.22","af":4,"dst_addr":"213.156.231.22","src_addr":"5.79.112.97","proto":"ICMP","ttl":53,"size":48,"result":[{"rtt":16.336997},{"rtt":16.824116},{"rtt":16.319117}],"dup":0,"rcvd":3,"sent":3,"min":16.319117,"max":16.824116,"avg":16.49341,"msm_id":5339184,"prb_id":6713,"timestamp":1613779283,"msm_name":"Ping","from":"5.79.112.97","type":"ping","group_id":5339183,"step":240}
{"fw":5020,"mver":"2.2.1","lts":39,"dst_name":"217.31.202.20","af":4,"dst_addr":"217.31.202.20","src_addr":"5.79.112.97","proto":"ICMP","ttl":55,"size":64,"result":[{"rtt":23.673453},{"rtt":23.666487},{"rtt":23.565106}],"dup":0,"rcvd":3,"sent":3,"min":23.565106,"max":23.673453,"avg":23.6350153333,"msm_id":8683032,"prb_id":6713,"timestamp":1613779287,"msm_name":"Ping","from":"5.79.112.97","type":"ping","group_id":8683031,"step":240}
{"fw":5020,"mver":"2.2.1","lts":41,"dst_name":"2a00:1398:8:2::10","af":6,"dst_addr":"2a00:1398:8:2::10","src_addr":"2001:1af8:4300:a040:aa00:1fff:faee:97","proto":"ICMP","ttl":55,"size":64,"result":[{"rtt":16.903953},{"rtt":17.606399},{"rtt":17.142061}],"dup":0,"rcvd":3,"sent":3,"min":16.903953,"max":17.606399,"avg":17.217471,"msm_id":17828886,"prb_id":6713,"timestamp":1613779289,"msm_name":"Ping","from":"2001:1af8:4300:a040:aa00:1fff:faee:97","type":"ping","group_id":17828885,"step":240}
{"fw":5020,"mver":"2.2.1","lts":44,"dst_name":"91.132.8.99","af":4,"dst_addr":"91.132.8.99","src_addr":"5.79.112.97","proto":"ICMP","ttl":52,"size":64,"result":[{"rtt":20.935736},{"rtt":20.773439},{"rtt":20.730737}],"dup":0,"rcvd":3,"sent":3,"min":20.730737,"max":20.935736,"avg":20.813304,"msm_id":21984075,"prb_id":6713,"timestamp":1613779292,"msm_name":"Ping","from":"5.79.112.97","type":"ping","group_id":21984074,"step":240}
{"fw":5020,"mver":"2.2.1","lts":48,"dst_name":"2001:67c:2e8:11::c100:133b","af":6,"dst_addr":"2001:67c:2e8:11::c100:133b","src_addr":"2001:1af8:4300:a040:aa00:1fff:faee:97","proto":"ICMP","ttl":59,"size":32,"result":[{"rtt":1.39945},{"rtt":1.451293},{"rtt":1.487785}],"dup":0,"rcvd":3,"sent":3,"min":1.39945,"max":1.487785,"avg":1.446176,"msm_id":2030,"prb_id":6713,"timestamp":1613779296,"msm_name":"Ping","from":"2001:1af8:4300:a040:aa00:1fff:faee:97","type":"ping","step":240}
{"fw":5020,"mver":"2.2.1","lts":52,"dst_name":"167.250.112.2","af":4,"dst_addr":"167.250.112.2","src_addr":"5.79.112.97","proto":"ICMP","ttl":57,"size":64,"result":[{"rtt":161.24126},{"rtt":161.428682},{"rtt":161.445721}],"dup":0,"rcvd":3,"sent":3,"min":161.24126,"max":161.445721,"avg":161.3718876667,"msm_id":15775786,"prb_id":6713,"timestamp":1613779300,"msm_name":"Ping","from":"5.79.112.97","type":"ping","group_id":15775785,"step":240}
{"fw":5020,"mver":"2.2.1","lts":47,"dst_name":"206.144.240.4","af":4,"dst_addr":"206.144.240.4","src_addr":"192.168.1.82","proto":"ICMP","size":64,"result":[{"x":"*"},{"x":"*"},{"x":"*"}],"dup":0,"rcvd":0,"sent":3,"min":-1,"max":-1,"avg":-1,"msm_id":23120580,"prb_id":25828,"timestamp":1613779378,"msm_name":"Ping","from":"175.136.21.118","type":"ping","group_id":23120579,"step":240}
{"fw":5020,"mver":"2.2.1","lts":52,"dst_name":"196.10.54.135","af":4,"dst_addr":"196.10.54.135","src_addr":"5.79.112.97","proto":"ICMP","ttl":56,"size":48,"result":[{"rtt":148.528117},{"rtt":148.41518},{"rtt":148.411763}],"dup":0,"rcvd":3,"sent":3,"min":148.411763,"max":148.528117,"avg":148.4516866667,"msm_id":3606483,"prb_id":6713,"timestamp":1613779300,"msm_name":"Ping","from":"5.79.112.97","type":"ping","group_id":3606482,"step":240}
{"fw":5020,"mver":"2.2.1","lts":55,"dst_name":"2001:678:5ec:258::a4","af":6,"dst_addr":"2001:678:5ec:258::a4","src_addr":"2001:1af8:4300:a040:aa00:1fff:faee:97","proto":"ICMP","ttl":54,"size":64,"result":[{"rtt":26.606629},{"rtt":29.263697},{"rtt":26.970293}],"dup":0,"rcvd":3,"sent":3,"min":26.606629,"max":29.263697,"avg":27.6135396667,"msm_id":23498764,"prb_id":6713,"timestamp":1613779303,"msm_name":"Ping","from":"2001:1af8:4300:a040:aa00:1fff:faee:97","type":"ping","group_id":23498763,"step":240}
{"fw":5020,"mver":"2.2.1","lts":59,"dst_name":"52.76.134.108","af":4,"dst_addr":"52.76.134.108","src_addr":"5.79.112.97","proto":"ICMP","ttl":47,"size":64,"result":[{"rtt":234.174326},{"rtt":234.223466},{"rtt":234.281839}],"dup":0,"rcvd":3,"sent":3,"min":234.174326,"max":234.281839,"avg":234.2265436667,"msm_id":18724751,"prb_id":6713,"timestamp":1613779307,"msm_name":"Ping","from":"5.79.112.97","type":"ping","group_id":18724750,"step":240}
{"fw":5020,"mver":"2.2.1","lts":61,"dst_name":"2604:e180:de05::5","af":6,"dst_addr":"2604:e180:de05::5","src_addr":"2001:1af8:4300:a040:aa00:1fff:faee:97","proto":"ICMP","ttl":59,"size":64,"result":[{"rtt":8.361445},{"rtt":8.430243},{"rtt":8.405012}],"dup":0,"rcvd":3,"sent":3,"min":8.361445,"max":8.430243,"avg":8.3989,"msm_id":18394612,"prb_id":6713,"timestamp":1613779309,"msm_name":"Ping","from":"2001:1af8:4300:a040:aa00:1fff:faee:97","type":"ping","group_id":18394611,"step":240}
{"fw":5020,"mver":"2.2.1","lts":61,"dst_name":"91.202.128.78","af":4,"dst_addr":"91.202.128.78","src_addr":"5.79.112.97","proto":"ICMP","ttl":54,"size":64,"result":[{"rtt":33.404658},{"rtt":33.42905},{"rtt":33.391662}],"dup":0,"rcvd":3,"sent":3,"min":33.391662,"max":33.42905,"avg":33.4084566667,"msm_id":10562390,"prb_id":6713,"timestamp":1613779309,"msm_name":"Ping","from":"5.79.112.97","type":"ping","group_id":10562389,"step":240}
{"fw":5020,"mver":"2.2.1","lts":61,"dst_name":"178.237.167.62","af":4,"dst_addr":"178.237.167.62","src_addr":"5.79.112.97","proto":"ICMP","ttl":55,"size":64,"result":[{"rtt":240.187932},{"rtt":240.224048},{"rtt":240.173247}],"dup":0,"rcvd":3,"sent":3,"min":240.173247,"max":240.224048,"avg":240.1950756667,"msm_id":15547069,"prb_id":6713,"timestamp":1613779309,"msm_name":"Ping","from":"5.79.112.97","type":"ping","group_id":15547068,"step":240}
{"fw":5020,"mver":"2.2.1","lts":61,"dst_name":"2001:67c:e0::1","af":6,"dst_addr":"2001:67c:e0::1","src_addr":"2001:1af8:4300:a040:aa00:1fff:faee:97","proto":"ICMP","ttl":58,"size":48,"result":[{"rtt":20.287516},{"rtt":20.295755},{"rtt":20.284688}],"dup":0,"rcvd":3,"sent":3,"min":20.284688,"max":20.295755,"avg":20.2893196667,"msm_id":11024359,"prb_id":6713,"timestamp":1613779309,"msm_name":"Ping","from":"2001:1af8:4300:a040:aa00:1fff:faee:97","type":"ping","group_id":11024359,"step":240}
{"fw":5020,"mver":"2.2.1","lts":63,"dst_name":"35.198.9.221","af":4,"dst_addr":"35.198.9.221","src_addr":"5.79.112.97","proto":"ICMP","ttl":56,"size":64,"result":[{"rtt":208.971122},{"rtt":209.037877},{"rtt":208.884404}],"dup":0,"rcvd":3,"sent":3,"min":208.884404,"max":209.037877,"avg":208.9644676667,"msm_id":23748522,"prb_id":6713,"timestamp":1613779311,"msm_name":"Ping","from":"5.79.112.97","type":"ping","group_id":23748521,"step":240}
{"fw":5020,"mver":"2.2.1","lts":64,"dst_name":"196.10.53.7","af":4,"dst_addr":"196.10.53.7","src_addr":"5.79.112.97","proto":"ICMP","ttl":56,"size":48,"result":[{"rtt":178.771402},{"rtt":178.736987},{"rtt":178.748638}],"dup":0,"rcvd":3,"sent":3,"min":178.736987,"max":178.771402,"avg":178.7523423333,"msm_id":3560201,"prb_id":6713,"timestamp":1613779312,"msm_name":"Ping","from":"5.79.112.97","type":"ping","group_id":3560200,"step":240}
{"fw":5020,"mver":"2.2.1","lts":65,"dst_name":"2001:a18:0:409::2","af":6,"dst_addr":"2001:a18:0:409::2","src_addr":"2001:1af8:4300:a040:aa00:1fff:faee:97","proto":"ICMP","ttl":56,"size":48,"result":[{"rtt":13.623887},{"rtt":14.406074},{"rtt":13.606929}],"dup":0,"rcvd":3,"sent":3,"min":13.606929,"max":14.406074,"avg":13.8789633333,"msm_id":7707777,"prb_id":6713,"timestamp":1613779313,"msm_name":"Ping","from":"2001:1af8:4300:a040:aa00:1fff:faee:97","type":"ping","group_id":7707776,"step":240}
{"fw":5020,"mver":"2.2.1","lts":66,"dst_name":"202.52.0.25","af":4,"dst_addr":"202.52.0.25","src_addr":"5.79.112.97","proto":"ICMP","ttl":53,"size":64,"result":[{"rtt":166.718082},{"rtt":166.617868},{"rtt":166.602834}],"dup":0,"rcvd":3,"sent":3,"min":166.602834,"max":166.718082,"avg":166.6462613333,"msm_id":22284735,"prb_id":6713,"timestamp":1613779314,"msm_name":"Ping","from":"5.79.112.97","type":"ping","group_id":22284734,"step":240}
{"fw":5020,"mver":"2.2.1","lts":67,"dst_name":"152.195.28.20","af":4,"dst_addr":"152.195.28.20","src_addr":"5.79.112.97","proto":"ICMP","size":64,"result":[{"x":"*"},{"x":"*"},{"x":"*"}],"dup":0,"rcvd":0,"sent":3,"min":-1,"max":-1,"avg":-1,"msm_id":9184805,"prb_id":6713,"timestamp":1613779315,"msm_name":"Ping","from":"5.79.112.97","type":"ping","group_id":9184804,"step":240}
{"fw":5020,"mver":"2.2.1","lts":67,"dst_name":"2402:cb40:1000:509::a","af":6,"dst_addr":"2402:cb40:1000:509::a","src_addr":"2001:1af8:4300:a040:aa00:1fff:faee:97","proto":"ICMP","ttl":52,"size":64,"result":[{"rtt":219.443264},{"rtt":221.153145},{"rtt":222.755997}],"dup":0,"rcvd":3,"sent":3,"min":219.443264,"max":222.755997,"avg":221.1174686667,"msm_id":27973989,"prb_id":6713,"timestamp":1613779315,"msm_name":"Ping","from":"2001:1af8:4300:a040:aa00:1fff:faee:97","type":"ping","group_id":27973988,"step":240}
{"fw":5020,"mver":"2.2.1","lts":69,"dst_name":"34.202.174.53","af":4,"dst_addr":"34.202.174.53","src_addr":"5.79.112.97","proto":"ICMP","ttl":47,"size":64,"result":[{"rtt":94.200086},{"rtt":94.087515},{"rtt":94.065316}],"dup":0,"rcvd":3,"sent":3,"min":94.065316,"max":94.200086,"avg":94.117639,"msm_id":18764376,"prb_id":6713,"timestamp":1613779317,"msm_name":"Ping","from":"5.79.112.97","type":"ping","group_id":18764375,"step":240}
{"fw":5020,"mver":"2.2.1","lts":69,"dst_name":"2001:6d0:ffd8:411::2","af":6,"dst_addr":"2001:6d0:ffd8:411::2","src_addr":"2001:1af8:4300:a040:aa00:1fff:faee:97","proto":"ICMP","ttl":57,"size":64,"result":[{"rtt":38.29514},{"rtt":38.318104},{"rtt":38.337279}],"dup":0,"rcvd":3,"sent":3,"min":38.29514,"max":38.337279,"avg":38.316841,"msm_id":23913226,"prb_id":6713,"timestamp":1613779317,"msm_name":"Ping","from":"2001:1af8:4300:a040:aa00:1fff:faee:97","type":"ping","group_id":23913225,"step":240}
{"fw":5020,"mver":"2.2.1","lts":69,"dst_name":"2a0e:b100:1:2d0c::45c9","af":6,"dst_addr":"2a0e:b100:1:2d0c::45c9","src_addr":"2001:1af8:4300:a040:aa00:1fff:faee:97","proto":"ICMP","size":64,"result":[{"x":"*"},{"x":"*"},{"x":"*"}],"dup":0,"rcvd":0,"sent":3,"min":-1,"max":-1,"avg":-1,"msm_id":22675350,"prb_id":6713,"timestamp":1613779317,"msm_name":"Ping","from":"2001:1af8:4300:a040:aa00:1fff:faee:97","type":"ping","group_id":22675349,"step":240}
{"fw":5020,"mver":"2.2.1","lts":2,"dst_name":"185.176.59.23","af":4,"dst_addr":"185.176.59.23","src_addr":"5.79.112.97","proto":"ICMP","size":64,"result":[{"x":"*"},{"x":"*"},{"x":"*"}],"dup":0,"rcvd":0,"sent":3,"min":-1,"max":-1,"avg":-1,"msm_id":23879061,"prb_id":6713,"timestamp":1613779320,"msm_name":"Ping","from":"5.79.112.97","type":"ping","group_id":23879060,"step":240}
{"fw":5020,"mver":"2.2.1","lts":3,"dst_name":"79.110.170.42","af":4,"dst_addr":"79.110.170.42","src_addr":"5.79.112.97","proto":"ICMP","ttl":55,"size":64,"result":[{"rtt":144.244783},{"rtt":144.686718},{"rtt":144.208875}],"dup":0,"rcvd":3,"sent":3,"min":144.208875,"max":144.686718,"avg":144.3801253333,"msm_id":26509363,"prb_id":6713,"timestamp":1613779321,"msm_name":"Ping","from":"5.79.112.97","type":"ping","group_id":26509362,"step":240}
{"fw":5020,"mver":"2.2.1","lts":4,"dst_name":"77.220.248.89","af":4,"dst_addr":"77.220.248.89","src_addr":"5.79.112.97","proto":"ICMP","ttl":53,"size":64,"result":[{"rtt":24.66928},{"rtt":24.567922},{"rtt":24.643646}],"dup":0,"rcvd":3,"sent":3,"min":24.567922,"max":24.66928,"avg":24.6269493333,"msm_id":24224661,"prb_id":6713,"timestamp":1613779322,"msm_name":"Ping","from":"5.79.112.97","type":"ping","group_id":24224660,"step":240}
{"fw":5020,"mver":"2.2.1","lts":9,"dst_name":"94.199.91.189","af":4,"dst_addr":"94.199.91.189","src_addr":"5.79.112.97","proto":"ICMP","ttl":54,"size":64,"result":[{"rtt":12.995783},{"rtt":13.186545},{"rtt":12.985697}],"dup":0,"rcvd":3,"sent":3,"min":12.985697,"max":13.186545,"avg":13.0560083333,"msm_id":28275386,"prb_id":6713,"timestamp":1613779327,"msm_name":"Ping","from":"5.79.112.97","type":"ping","group_id":28275385,"step":240}
{"fw":5020,"mver":"2.2.1","lts":10,"dst_name":"103.157.198.10","af":4,"dst_addr":"103.157.198.10","src_addr":"5.79.112.97","proto":"ICMP","ttl":52,"size":64,"result":[{"rtt":235.41692},{"rtt":235.506805},{"rtt":235.425084}],"dup":0,"rcvd":3,"sent":3,"min":235.41692,"max":235.506805,"avg":235.449603,"msm_id":28330734,"prb_id":6713,"timestamp":1613779328,"msm_name":"Ping","from":"5.79.112.97","type":"ping","group_id":28330733,"step":240}
{"fw":5020,"mver":"2.2.1","lts":10,"dst_name":"2001:44b8:6113:2600::1337:ca75","af":6,"dst_addr":"2001:44b8:6113:2600::1337:ca75","src_addr":"2001:1af8:4300:a040:aa00:1fff:faee:97","proto":"ICMP","ttl":54,"size":64,"result":[{"rtt":338.767666},{"rtt":338.896841},{"rtt":338.808065}],"dup":0,"rcvd":3,"sent":3,"min":338.767666,"max":338.896841,"avg":338.8241906667,"msm_id":19192022,"prb_id":6713,"timestamp":1613779328,"msm_name":"Ping","from":"2001:1af8:4300:a040:aa00:1fff:faee:97","type":"ping","group_id":19192021,"step":240}
{"fw":5020,"mver":"2.2.1","lts":11,"dst_name":"164.39.242.17","af":4,"dst_addr":"164.39.242.17","src_addr":"5.79.112.97","proto":"ICMP","ttl":54,"size":64,"result":[{"rtt":12.164842},{"rtt":12.162755},{"rtt":12.055197}],"dup":0,"rcvd":3,"sent":3,"min":12.055197,"max":12.164842,"avg":12.127598,"msm_id":28139709,"prb_id":6713,"timestamp":1613779329,"msm_name":"Ping","from":"5.79.112.97","type":"ping","group_id":28139708,"step":240}
{"fw":5020,"mver":"2.2.1","lts":12,"dst_name":"46.183.250.14","af":4,"dst_addr":"46.183.250.14","src_addr":"5.79.112.97","proto":"ICMP","ttl":59,"size":64,"result":[{"rtt":1.311772},{"rtt":1.248556},{"rtt":1.359931}],"dup":0,"rcvd":3,"sent":3,"min":1.248556,"max":1.359931,"avg":1.306753,"msm_id":27302234,"prb_id":6713,"timestamp":1613779330,"msm_name":"Ping","from":"5.79.112.97","type":"ping","group_id":27302233,"step":240}
{"fw":5020,"mver":"2.2.1","lts":12,"dst_name":"195.43.159.22","af":4,"dst_addr":"195.43.159.22","src_addr":"5.79.112.97","proto":"ICMP","ttl":55,"size":64,"result":[{"rtt":21.860032},{"rtt":21.870392},{"rtt":21.71437}],"dup":0,"rcvd":3,"sent":3,"min":21.71437,"max":21.870392,"avg":21.8149313333,"msm_id":27262110,"prb_id":6713,"timestamp":1613779330,"msm_name":"Ping","from":"5.79.112.97","type":"ping","group_id":27262109,"step":240}
{"fw":5020,"mver":"2.2.1","lts":8,"dst_name":"128.112.128.33","af":4,"dst_addr":"128.112.128.33","src_addr":"103.253.132.25","proto":"ICMP","size":48,"result":[{"x":"*"},{"x":"*"},{"x":"*"}],"dup":0,"rcvd":0,"sent":3,"min":-1,"max":-1,"avg":-1,"msm_id":5460118,"prb_id":6905,"timestamp":1613779268,"msm_name":"Ping","from":"103.253.132.25","type":"ping","group_id":5460117,"step":240}
{"fw":5020,"mver":"2.2.1","lts":9,"dst_name":"194.149.138.252","af":4,"dst_addr":"194.149.138.252","src_addr":"103.253.132.25","proto":"ICMP","ttl":47,"size":64,"result":[{"rtt":294.338256},{"rtt":294.239289},{"rtt":294.363596}],"dup":0,"rcvd":3,"sent":3,"min":294.239289,"max":294.363596,"avg":294.3137136667,"msm_id":8401343,"prb_id":6905,"timestamp":1613779269,"msm_name":"Ping","from":"103.253.132.25","type":"ping","group_id":8401342,"step":240}
{"fw":5020,"mver":"2.2.1","lts":10,"dst_name":"2620:0:2830:203::157","af":6,"dst_addr":"2620:0:2830:203::157","src_addr":"2400:c540:1:132::25","proto":"ICMP","ttl":51,"size":48,"result":[{"rtt":232.069417},{"rtt":231.893657},{"rtt":231.824275}],"dup":0,"rcvd":3,"sent":3,"min":231.824275,"max":232.069417,"avg":231.9291163333,"msm_id":2021329,"prb_id":6905,"timestamp":1613779270,"msm_name":"Ping","from":"2400:c540:1:132::25","type":"ping","group_id":2021329,"step":240}
{"fw":5020,"mver":"2.2.1","lts":11,"dst_name":"2001:7f8:1e:3::172","af":6,"dst_addr":"2001:7f8:1e:3::172","src_addr":"2400:c540:1:132::25","proto":"ICMP","ttl":54,"size":32,"result":[{"rtt":185.70379},{"rtt":185.068864},{"rtt":185.233103}],"dup":0,"rcvd":3,"sent":3,"min":185.068864,"max":185.70379,"avg":185.3352523333,"msm_id":1402087,"prb_id":6905,"timestamp":1613779271,"msm_name":"Ping","from":"2400:c540:1:132::25","type":"ping","group_id":1402087,"step":240}
{"fw":5020,"mver":"2.2.1","lts":11,"dst_name":"2a01:a940:445:d::1","af":6,"dst_addr":"2a01:a940:445:d::1","src_addr":"2400:c540:1:132::25","proto":"ICMP","ttl":55,"size":64,"result":[{"rtt":175.593786},{"rtt":175.839718},{"rtt":175.726663}],"dup":0,"rcvd":3,"sent":3,"min":175.593786,"max":175.839718,"avg":175.7200556667,"msm_id":22726791,"prb_id":6905,"timestamp":1613779271,"msm_name":"Ping","from":"2400:c540:1:132::25","type":"ping","group_id":22726790,"step":240}
{"fw":5020,"mver":"2.2.1","lts":12,"dst_name":"2a02:2290:2:48::71","af":6,"dst_addr":"2a02:2290:2:48::71","src_addr":"2400:c540:1:132::25","proto":"ICMP","size":64,"result":[{"x":"*"},{"x":"*"},{"x":"*"}],"dup":0,"rcvd":0,"sent":3,"min":-1,"max":-1,"avg":-1,"msm_id":20353531,"prb_id":6905,"timestamp":1613779272,"msm_name":"Ping","from":"2400:c540:1:132::25","type":"ping","group_id":20353530,"step":240}
{"fw":5020,"mver":"2.2.1","lts":12,"dst_name":"2001:12ff:0:6000::19","af":6,"dst_addr":"2001:12ff:0:6000::19","src_addr":"2400:c540:1:132::25","proto":"ICMP","ttl":50,"size":64,"result":[{"rtt":342.405155},{"rtt":342.640184},{"rtt":342.532992}],"dup":0,"rcvd":3,"sent":3,"min":342.405155,"max":342.640184,"avg":342.5261103333,"msm_id":17142969,"prb_id":6905,"timestamp":1613779272,"msm_name":"Ping","from":"2400:c540:1:132::25","type":"ping","group_id":17142968,"step":240}
{"fw":5020,"mver":"2.2.1","lts":13,"dst_name":"2606:6d00:0:20c::2","af":6,"dst_addr":"2606:6d00:0:20c::2","src_addr":"2400:c540:1:132::25","proto":"ICMP","ttl":50,"size":64,"result":[{"rtt":232.147897},{"rtt":232.064114},{"rtt":232.34807}],"dup":0,"rcvd":3,"sent":3,"min":232.064114,"max":232.34807,"avg":232.1866936667,"msm_id":20369128,"prb_id":6905,"timestamp":1613779273,"msm_name":"Ping","from":"2400:c540:1:132::25","type":"ping","group_id":20369127,"step":240}
{"fw":5020,"mver":"2.2.1","lts":13,"dst_name":"81.211.203.45","af":4,"dst_addr":"81.211.203.45","src_addr":"103.253.132.25","proto":"ICMP","ttl":53,"size":64,"result":[{"rtt":282.44641},{"rtt":282.387162},{"rtt":366.694023}],"dup":0,"rcvd":3,"sent":3,"min":282.387162,"max":366.694023,"avg":310.5091983333,"msm_id":24255128,"prb_id":6905,"timestamp":1613779273,"msm_name":"Ping","from":"103.253.132.25","type":"ping","group_id":24255127,"step":240}
{"fw":5020,"mver":"2.2.1","lts":14,"dst_name":"2606:2800:4011:c::a","af":6,"dst_addr":"2606:2800:4011:c::a","src_addr":"2400:c540:1:132::25","proto":"ICMP","size":64,"result":[{"x":"*"},{"x":"*"},{"x":"*"}],"dup":0,"rcvd":0,"sent":3,"min":-1,"max":-1,"avg":-1,"msm_id":8926781,"prb_id":6905,"timestamp":1613779274,"msm_name":"Ping","from":"2400:c540:1:132::25","type":"ping","group_id":8926780,"step":240}
{"fw":5020,"mver":"2.2.1","lts":15,"dst_name":"2a00:12f8:1100::2","af":6,"dst_addr":"2a00:12f8:1100::2","src_addr":"2400:c540:1:132::25","proto":"ICMP","ttl":54,"size":64,"result":[{"rtt":239.854134},{"rtt":240.421672},{"rtt":239.464287}],"dup":0,"rcvd":3,"sent":3,"min":239.464287,"max":240.421672,"avg":239.9133643333,"msm_id":9852490,"prb_id":6905,"timestamp":1613779275,"msm_name":"Ping","from":"2400:c540:1:132::25","type":"ping","group_id":9852489,"step":240}
{"fw":5020,"mver":"2.2.1","lts":15,"dst_name":"8.35.179.254","af":4,"dst_addr":"8.35.179.254","src_addr":"103.253.132.25","proto":"ICMP","ttl":54,"size":64,"result":[{"rtt":217.641935},{"rtt":217.890219},{"rtt":217.76201}],"dup":0,"rcvd":3,"sent":3,"min":217.641935,"max":217.890219,"avg":217.7647213333,"msm_id":21115223,"prb_id":6905,"timestamp":1613779275,"msm_name":"Ping","from":"103.253.132.25","type":"ping","group_id":21115222,"step":240}
{"fw":5020,"mver":"2.2.1","lts":17,"dst_name":"2600:1f1e:a13:5f00::1650:9","af":6,"dst_addr":"2600:1f1e:a13:5f00::1650:9","src_addr":"2400:c540:1:132::25","proto":"ICMP","ttl":44,"size":64,"result":[{"rtt":360.934803},{"rtt":360.616966},{"rtt":360.868112}],"dup":0,"rcvd":3,"sent":3,"min":360.616966,"max":360.934803,"avg":360.806627,"msm_id":18724688,"prb_id":6905,"timestamp":1613779277,"msm_name":"Ping","from":"2400:c540:1:132::25","type":"ping","group_id":18724687,"step":240}
{"fw":5020,"mver":"2.2.1","lts":19,"dst_name":"2a03:5380:0:1962:e0ea:1a80:c8c9:ddd9","af":6,"dst_addr":"2a03:5380:0:1962:e0ea:1a80:c8c9:ddd9","src_addr":"2400:c540:1:132::25","proto":"ICMP","size":64,"result":[{"x":"*"},{"x":"*"},{"x":"*"}],"dup":0,"rcvd":0,"sent":3,"min":-1,"max":-1,"avg":-1,"msm_id":19926321,"prb_id":6905,"timestamp":1613779279,"msm_name":"Ping","from":"2400:c540:1:132::25","type":"ping","group_id":19926320,"step":240}
{"fw":5020,"mver":"2.2.1","lts":20,"dst_name":"104.225.15.170","af":4,"dst_addr":"104.225.15.170","src_addr":"103.253.132.25","proto":"ICMP","size":64,"result":[{"x":"*"},{"x":"*"},{"x":"*"}],"dup":0,"rcvd":0,"sent":3,"min":-1,"max":-1,"avg":-1,"msm_id":16685333,"prb_id":6905,"timestamp":1613779280,"msm_name":"Ping","from":"103.253.132.25","type":"ping","group_id":16685332,"step":240}
{"fw":5020,"mver":"2.2.1","lts":20,"dst_name":"199.115.158.230","af":4,"dst_addr":"199.115.158.230","src_addr":"103.253.132.25","proto":"ICMP","size":48,"result":[{"x":"*"},{"x":"*"},{"x":"*"}],"dup":0,"rcvd":0,"sent":3,"min":-1,"max":-1,"avg":-1,"msm_id":2339854,"prb_id":6905,"timestamp":1613779280,"msm_name":"Ping","from":"103.253.132.25","type":"ping","group_id":2339854,"step":240}
{"fw":5020,"mver":"2.2.1","lts":21,"dst_name":"2404:6980:32:a0c::2","af":6,"dst_addr":"2404:6980:32:a0c::2","src_addr":"2400:c540:1:132::25","proto":"ICMP","ttl":52,"size":64,"result":[{"rtt":209.227611},{"rtt":209.28888},{"rtt":210.076584}],"dup":0,"rcvd":3,"sent":3,"min":209.227611,"max":210.076584,"avg":209.531025,"msm_id":15547072,"prb_id":6905,"timestamp":1613779281,"msm_name":"Ping","from":"2400:c540:1:132::25","type":"ping","group_id":15547071,"step":240}
{"fw":5020,"mver":"2.2.1","lts":23,"dst_name":"2a04:d200:3::2","af":6,"dst_addr":"2a04:d200:3::2","src_addr":"2400:c540:1:132::25","proto":"ICMP","ttl":55,"size":64,"result":[{"rtt":270.058092},{"rtt":270.677625},{"rtt":339.794272}],"dup":0,"rcvd":3,"sent":3,"min":270.058092,"max":339.794272,"avg":293.5099963333,"msm_id":11883972,"prb_id":6905,"timestamp":1613779283,"msm_name":"Ping","from":"2400:c540:1:132::25","type":"ping","group_id":11883971,"step":240}
{"fw":5020,"mver":"2.2.1","lts":24,"dst_name":"152.195.112.52","af":4,"dst_addr":"152.195.112.52","src_addr":"103.253.132.25","proto":"ICMP","ttl":59,"size":64,"result":[{"rtt":106.536424},{"rtt":106.484694},{"rtt":106.380941}],"dup":0,"rcvd":3,"sent":3,"min":106.380941,"max":106.536424,"avg":106.467353,"msm_id":14429297,"prb_id":6905,"timestamp":1613779284,"msm_name":"Ping","from":"103.253.132.25","type":"ping","group_id":14429296,"step":240}
{"fw":5020,"mver":"2.2.1","lts":27,"dst_name":"176.74.17.75","af":4,"dst_addr":"176.74.17.75","src_addr":"103.253.132.25","proto":"ICMP","ttl":54,"size":64,"result":[{"rtt":201.502125},{"rtt":201.459787},{"rtt":204.484289}],"dup":0,"rcvd":3,"sent":3,"min":201.459787,"max":204.484289,"avg":202.482067,"msm_id":17575882,"prb_id":6905,"timestamp":1613779287,"msm_name":"Ping","from":"103.253.132.25","type":"ping","group_id":17575881,"step":240}
{"fw":5020,"mver":"2.2.1","lts":14,"dst_name":"51.159.68.135","af":4,"dst_addr":"51.159.68.135","src_addr":"5.79.112.97","proto":"ICMP","ttl":55,"size":64,"result":[{"rtt":9.829293},{"rtt":9.829437},{"rtt":9.872108}],"dup":0,"rcvd":3,"sent":3,"min":9.829293,"max":9.872108,"avg":9.8436126667,"msm_id":26066610,"prb_id":6713,"timestamp":1613779332,"msm_name":"Ping","from":"5.79.112.97","type":"ping","group_id":26066609,"step":240}
{"fw":5020,"mver":"2.2.1","lts":14,"dst_name":"2001:56b:8000::7","af":6,"dst_addr":"2001:56b:8000::7","src_addr":"2001:1af8:4300:a040:aa00:1fff:faee:97","proto":"ICMP","ttl":58,"size":64,"result":[{"rtt":87.387938},{"rtt":87.395199},{"rtt":87.458068}],"dup":0,"rcvd":3,"sent":3,"min":87.387938,"max":87.458068,"avg":87.413735,"msm_id":19439647,"prb_id":6713,"timestamp":1613779332,"msm_name":"Ping","from":"2001:1af8:4300:a040:aa00:1fff:faee:97","type":"ping","group_id":19439646,"step":240}
{"fw":5020,"mver":"2.2.1","lts":15,"dst_name":"63.218.125.154","af":4,"dst_addr":"63.218.125.154","src_addr":"5.79.112.97","proto":"ICMP","ttl":58,"size":64,"result":[{"rtt":83.97945},{"rtt":83.993811},{"rtt":83.916676}],"dup":0,"rcvd":3,"sent":3,"min":83.916676,"max":83.993811,"avg":83.9633123333,"msm_id":24740330,"prb_id":6713,"timestamp":1613779333,"msm_name":"Ping","from":"5.79.112.97","type":"ping","group_id":24740329,"step":240}
{"fw":5020,"mver":"2.2.1","lts":15,"dst_name":"2a05:2701:f10::ec","af":6,"dst_addr":"2a05:2701:f10::ec","src_addr":"2001:1af8:4300:a040:aa00:1fff:faee:97","proto":"ICMP","ttl":57,"size":64,"result":[{"rtt":24.088849},{"rtt":24.143122},{"rtt":24.189338}],"dup":0,"rcvd":3,"sent":3,"min":24.088849,"max":24.189338,"avg":24.1404363333,"msm_id":26984376,"prb_id":6713,"timestamp":1613779333,"msm_name":"Ping","from":"2001:1af8:4300:a040:aa00:1fff:faee:97","type":"ping","group_id":26984375,"step":240}
{"fw":5020,"mver":"2.2.1","lts":15,"dst_name":"217.76.65.78","af":4,"dst_addr":"217.76.65.78","src_addr":"5.79.112.97","proto":"ICMP","ttl":50,"size":64,"result":[{"rtt":97.730074},{"rtt":97.599982},{"rtt":97.68764}],"dup":0,"rcvd":3,"sent":3,"min":97.599982,"max":97.730074,"avg":97.6725653333,"msm_id":26625482,"prb_id":6713,"timestamp":1613779333,"msm_name":"Ping","from":"5.79.112.97","type":"ping","group_id":26625481,"step":240}
{"fw":5020,"mver":"2.2.1","lts":17,"dst_name":"80.82.241.134","af":4,"dst_addr":"80.82.241.134","src_addr":"5.79.112.97","proto":"ICMP","ttl":56,"size":64,"result":[{"rtt":9.737497},{"rtt":9.842282},{"rtt":9.732605}],"dup":0,"rcvd":3,"sent":3,"min":9.732605,"max":9.842282,"avg":9.7707946667,"msm_id":22770559,"prb_id":6713,"timestamp":1613779335,"msm_name":"Ping","from":"5.79.112.97","type":"ping","group_id":22770558,"step":240}
{"fw":5020,"mver":"2.2.1","lts":18,"dst_name":"2001:67c:217c:4::2","af":6,"dst_addr":"2001:67c:217c:4::2","src_addr":"2001:1af8:4300:a040:aa00:1fff:faee:97","proto":"ICMP","ttl":59,"size":64,"result":[{"rtt":10.120741},{"rtt":10.142238},{"rtt":10.044717}],"dup":0,"rcvd":3,"sent":3,"min":10.044717,"max":10.142238,"avg":10.1025653333,"msm_id":26443817,"prb_id":6713,"timestamp":1613779336,"msm_name":"Ping","from":"2001:1af8:4300:a040:aa00:1fff:faee:97","type":"ping","group_id":26443816,"step":240}
{"fw":5020,"mver":"2.2.1","lts":19,"dst_name":"2604:5800:a::3","af":6,"dst_addr":"2604:5800:a::3","src_addr":"2001:1af8:4300:a040:aa00:1fff:faee:97","proto":"ICMP","ttl":50,"size":64,"result":[{"rtt":105.357845},{"rtt":105.4045},{"rtt":105.212027}],"dup":0,"rcvd":3,"sent":3,"min":105.212027,"max":105.4045,"avg":105.3247906667,"msm_id":27864941,"prb_id":6713,"timestamp":1613779337,"msm_name":"Ping","from":"2001:1af8:4300:a040:aa00:1fff:faee:97","type":"ping","group_id":27864940,"step":240}
{"fw":5020,"mver":"2.2.1","lts":19,"dst_name":"2a0b:4342:1a91:24:5054:ff:fe09:6b3b","af":6,"dst_addr":"2a0b:4342:1a91:24:5054:ff:fe09:6b3b","src_addr":"2001:1af8:4300:a040:aa00:1fff:faee:97","proto":"ICMP","ttl":57,"size":64,"result":[{"rtt":168.506969},{"rtt":168.370441},{"rtt":168.361751}],"dup":0,"rcvd":3,"sent":3,"min":168.361751,"max":168.506969,"avg":168.4130536667,"msm_id":29099613,"prb_id":6713,"timestamp":1613779337,"msm_name":"Ping","from":"2001:1af8:4300:a040:aa00:1fff:faee:97","type":"ping","group_id":29099612,"step":240}
{"fw":5020,"mver":"2.2.1","lts":20,"dst_name":"2a0b:6200:ac:aaaa::a","af":6,"dst_addr":"2a0b:6200:ac:aaaa::a","src_addr":"2001:1af8:4300:a040:aa00:1fff:faee:97","proto":"ICMP","ttl":53,"size":64,"result":[{"rtt":62.882508},{"rtt":62.799543},{"rtt":62.900732}],"dup":0,"rcvd":3,"sent":3,"min":62.799543,"max":62.900732,"avg":62.8609276667,"msm_id":19656247,"prb_id":6713,"timestamp":1613779338,"msm_name":"Ping","from":"2001:1af8:4300:a040:aa00:1fff:faee:97","type":"ping","group_id":19656246,"step":240}
{"fw":5020,"mver":"2.2.1","lts":20,"dst_name":"2610:58:aaaa:aaaa:204:8:154:50","af":6,"dst_addr":"2610:58:aaaa:aaaa:204:8:154:50","src_addr":"2001:1af8:4300:a040:aa00:1fff:faee:97","proto":"ICMP","ttl":56,"size":64,"result":[{"rtt":81.067441},{"rtt":81.051986},{"rtt":81.040845}],"dup":0,"rcvd":3,"sent":3,"min":81.040845,"max":81.067441,"avg":81.053424,"msm_id":28268753,"prb_id":6713,"timestamp":1613779338,"msm_name":"Ping","from":"2001:1af8:4300:a040:aa00:1fff:faee:97","type":"ping","group_id":28268752,"step":240}
{"fw":5020,"mver":"2.2.1","lts":22,"dst_name":"185.157.231.49","af":4,"dst_addr":"185.157.231.49","src_addr":"5.79.112.97","proto":"ICMP","ttl":59,"size":64,"result":[{"rtt":46.122271},{"rtt":46.070917},{"rtt":46.002108}],"dup":0,"rcvd":3,"sent":3,"min":46.002108,"max":46.122271,"avg":46.0650986667,"msm_id":24472331,"prb_id":6713,"timestamp":1613779340,"msm_name":"Ping","from":"5.79.112.97","type":"ping","group_id":24472330,"step":240}
{"fw":5020,"mver":"2.2.1","lts":25,"dst_name":"2a03:32c0:8:ffff::1f","af":6,"dst_addr":"2a03:32c0:8:ffff::1f","src_addr":"2001:1af8:4300:a040:aa00:1fff:faee:97","proto":"ICMP","ttl":53,"size":64,"result":[{"rtt":101.98893},{"rtt":102.101398},{"rtt":102.095393}],"dup":0,"rcvd":3,"sent":3,"min":101.98893,"max":102.101398,"avg":102.061907,"msm_id":26625485,"prb_id":6713,"timestamp":1613779343,"msm_name":"Ping","from":"2001:1af8:4300:a040:aa00:1fff:faee:97","type":"ping","group_id":26625484,"step":240}
{"fw":5020,"mver":"2.2.1","lts":26,"dst_name":"143.129.80.132","af":4,"dst_addr":"143.129.80.132","src_addr":"5.79.112.97","proto":"ICMP","ttl":55,"size":48,"result":[{"rtt":6.872216},{"rtt":7.090934},{"rtt":6.628432}],"dup":0,"rcvd":3,"sent":3,"min":6.628432,"max":7.090934,"avg":6.8638606667,"msm_id":1698328,"prb_id":6713,"timestamp":1613779344,"msm_name":"Ping","from":"5.79.112.97","type":"ping","group_id":1698328,"step":240}
{"fw":5020,"mver":"2.2.1","lts":26,"dst_name":"2001:a60:91ea::16","af":6,"dst_addr":"2001:a60:91ea::16","src_addr":"2001:1af8:4300:a040:aa00:1fff:faee:97","proto":"ICMP","ttl":59,"size":64,"result":[{"rtt":13.307276},{"rtt":13.267001},{"rtt":13.269}],"dup":0,"rcvd":3,"sent":3,"min":13.267001,"max":13.307276,"avg":13.2810923333,"msm_id":24218913,"prb_id":6713,"timestamp":1613779344,"msm_name":"Ping","from":"2001:1af8:4300:a040:aa00:1fff:faee:97","type":"ping","group_id":24218912,"step":240}
{"fw":5020,"mver":"2.2.1","lts":26,"dst_name":"198.41.0.4","af":4,"dst_addr":"198.41.0.4","src_addr":"5.79.112.97","proto":"ICMP","ttl":59,"size":32,"result":[{"rtt":1.852209},{"rtt":2.040451}],"dup":0,"rcvd":2,"sent":2,"min":1.852209,"max":2.040451,"avg":1.94633,"msm_id":1009,"prb_id":6713,"timestamp":1613779344,"msm_name":"Ping","from":"5.79.112.97","type":"ping","step":240}
{"fw":5020,"mver":"2.2.1","lts":27,"dst_name":"2606:2800:6024:c::a","af":6,"dst_addr":"2606:2800:6024:c::a","src_addr":"2001:1af8:4300:a040:aa00:1fff:faee:97","proto":"ICMP","ttl":59,"size":64,"result":[{"rtt":234.069819},{"rtt":234.198258},{"rtt":234.136244}],"dup":0,"rcvd":3,"sent":3,"min":234.069819,"max":234.198258,"avg":234.1347736667,"msm_id":14429300,"prb_id":6713,"timestamp":1613779345,"msm_name":"Ping","from":"2001:1af8:4300:a040:aa00:1fff:faee:97","type":"ping","group_id":14429299,"step":240}
{"fw":5020,"mver":"2.2.1","lts":29,"dst_name":"2001:558:6000:4::2","af":6,"dst_addr":"2001:558:6000:4::2","src_addr":"2001:1af8:4300:a040:aa00:1fff:faee:97","proto":"ICMP","ttl":55,"size":48,"result":[{"rtt":91.52041},{"rtt":91.624324},{"rtt":91.485172}],"dup":0,"rcvd":3,"sent":3,"min":91.485172,"max":91.624324,"avg":91.543302,"msm_id":1698338,"prb_id":6713,"timestamp":1613779347,"msm_name":"Ping","from":"2001:1af8:4300:a040:aa00:1fff:faee:97","type":"ping","group_id":1698338,"step":240}
{"fw":5020,"mver":"2.2.1","lts":29,"dst_name":"2a02:2638:3:ff00::2","af":6,"dst_addr":"2a02:2638:3:ff00::2","src_addr":"2001:1af8:4300:a040:aa00:1fff:faee:97","proto":"ICMP","ttl":52,"size":64,"result":[{"rtt":10.63707},{"rtt":10.572415},{"rtt":10.540862}],"dup":0,"rcvd":3,"sent":3,"min":10.540862,"max":10.63707,"avg":10.583449,"msm_id":23020786,"prb_id":6713,"timestamp":1613779347,"msm_name":"Ping","from":"2001:1af8:4300:a040:aa00:1fff:faee:97","type":"ping","group_id":23020785,"step":240}
{"fw":5020,"mver":"2.2.1","lts":32,"dst_name":"2a05:3400:100:1::180","af":6,"dst_addr":"2a05:3400:100:1::180","src_addr":"2001:1af8:4300:a040:aa00:1fff:faee:97","proto":"ICMP","ttl":57,"size":64,"result":[{"rtt":41.888442},{"rtt":41.689139},{"rtt":41.658706}],"dup":0,"rcvd":3,"sent":3,"min":41.658706,"max":41.888442,"avg":41.745429,"msm_id":20840385,"prb_id":6713,"timestamp":1613779350,"msm_name":"Ping","from":"2001:1af8:4300:a040:aa00:1fff:faee:97","type":"ping","group_id":20840384,"step":240}
{"fw":5020,"mver":"2.2.1","lts":33,"dst_name":"2a0b:4342:1a31:3ff::","af":6,"dst_addr":"2a0b:4342:1a31:3ff::","src_addr":"2001:1af8:4300:a040:aa00:1fff:faee:97","proto":"ICMP","size":64,"result":[{"x":"*"},{"x":"*"},{"x":"*"}],"dup":0,"rcvd":0,"sent":3,"min":-1,"max":-1,"avg":-1,"msm_id":20309429,"prb_id":6713,"timestamp":1613779351,"msm_name":"Ping","from":"2001:1af8:4300:a040:aa00:1fff:faee:97","type":"ping","group_id":20309428,"step":240}
{"fw":5020,"mver":"2.2.1","lts":34,"dst_name":"176.119.210.244","af":4,"dst_addr":"176.119.210.244","src_addr":"5.79.112.97","proto":"ICMP","ttl":52,"size":64,"result":[{"rtt":48.04462},{"rtt":48.066665},{"rtt":48.126807}],"dup":0,"rcvd":3,"sent":3,"min":48.04462,"max":48.126807,"avg":48.079364,"msm_id":23964840,"prb_id":6713,"timestamp":1613779352,"msm_name":"Ping","from":"5.79.112.97","type":"ping","group_id":23964839,"step":240}
{"fw":5020,"mver":"2.2.1","lts":35,"dst_name":"153.92.43.249","af":4,"dst_addr":"153.92.43.249","src_addr":"5.79.112.97","proto":"ICMP","ttl":54,"size":64,"result":[{"rtt":6.67999},{"rtt":6.619426},{"rtt":6.590661}],"dup":0,"rcvd":3,"sent":3,"min":6.590661,"max":6.67999,"avg":6.6300256667,"msm_id":19954314,"prb_id":6713,"timestamp":1613779353,"msm_name":"Ping","from":"5.79.112.97","type":"ping","group_id":19954313,"step":240}
{"fw":5020,"mver":"2.2.1","lts":72,"dst_name":"193.0.19.60","af":4,"dst_addr":"193.0.19.60","src_addr":"10.76.200.30","proto":"ICMP","ttl":54,"size":32,"result":[{"rtt":18.416805},{"rtt":18.3509},{"rtt":18.260111}],"dup":0,"rcvd":3,"sent":3,"min":18.260111,"max":18.416805,"avg":18.3426053333,"msm_id":1031,"prb_id":1000922,"timestamp":1613779265,"msm_name":"Ping","from":"193.47.147.1","type":"ping","step":240}
{"fw":5020,"mver":"2.2.1","lts":97,"dst_name":"103.147.52.62","af":4,"dst_addr":"103.147.52.62","src_addr":"10.76.200.30","proto":"ICMP","ttl":49,"size":64,"result":[{"rtt":164.393838},{"rtt":164.538748},{"rtt":164.504529}],"dup":0,"rcvd":3,"sent":3,"min":164.393838,"max":164.538748,"avg":164.4790383333,"msm_id":26878964,"prb_id":1000922,"timestamp":1613779290,"msm_name":"Ping","from":"193.47.147.1","type":"ping","group_id":26878964,"step":240}
{"fw":5020,"mver":"2.2.1","lts":18,"dst_name":"2400:8901::f03c:91ff:fec8:eb0f","af":6,"dst_addr":"2400:8901::f03c:91ff:fec8:eb0f","src_addr":"2001:980:b0be:1:1:32ff:fe4e:2626","proto":"ICMP","ttl":51,"size":32,"result":[{"rtt":204.431792},{"rtt":203.678542},{"rtt":203.551084}],"dup":0,"rcvd":3,"sent":3,"min":203.551084,"max":204.431792,"avg":203.8871393333,"msm_id":2027,"prb_id":50144,"timestamp":1613779345,"msm_name":"Ping","from":"2001:980:b0be:1:1:32ff:fe4e:2626","type":"ping","step":240}
{"fw":5020,"mver":"2.2.1","lts":29,"dst_name":"195.130.61.208","af":4,"dst_addr":"195.130.61.208","src_addr":"103.253.132.25","proto":"ICMP","ttl":48,"size":64,"result":[{"rtt":274.773324},{"rtt":274.672613},{"rtt":274.600916}],"dup":0,"rcvd":3,"sent":3,"min":274.600916,"max":274.773324,"avg":274.6822843333,"msm_id":14412698,"prb_id":6905,"timestamp":1613779289,"msm_name":"Ping","from":"103.253.132.25","type":"ping","group_id":14412697,"step":240}
{"fw":5020,"mver":"2.2.1","lts":30,"dst_name":"2a00:fbe0:0:111::2","af":6,"dst_addr":"2a00:fbe0:0:111::2","src_addr":"2400:c540:1:132::25","proto":"ICMP","ttl":56,"size":64,"result":[{"rtt":188.835251},{"rtt":188.340185},{"rtt":188.541396}],"dup":0,"rcvd":3,"sent":3,"min":188.340185,"max":188.835251,"avg":188.5722773333,"msm_id":11518644,"prb_id":6905,"timestamp":1613779290,"msm_name":"Ping","from":"2400:c540:1:132::25","type":"ping","group_id":11518643,"step":240}
{"fw":5020,"mver":"2.2.1","lts":34,"dst_name":"2a05:d018:f34:8700::1650:9","af":6,"dst_addr":"2a05:d018:f34:8700::1650:9","src_addr":"2400:c540:1:132::25","proto":"ICMP","ttl":31,"size":64,"result":[{"rtt":207.037256},{"rtt":209.20485},{"rtt":207.118766}],"dup":0,"rcvd":3,"sent":3,"min":207.037256,"max":209.20485,"avg":207.7869573333,"msm_id":18724983,"prb_id":6905,"timestamp":1613779294,"msm_name":"Ping","from":"2400:c540:1:132::25","type":"ping","group_id":18724982,"step":240}
{"fw":5020,"mver":"2.2.1","lts":38,"dst_name":"2a00:1dc0:caff:113::2","af":6,"dst_addr":"2a00:1dc0:caff:113::2","src_addr":"2400:c540:1:132::25","proto":"ICMP","ttl":55,"size":64,"result":[{"rtt":199.415073},{"rtt":199.320067},{"rtt":199.277378}],"dup":0,"rcvd":3,"sent":3,"min":199.277378,"max":199.415073,"avg":199.337506,"msm_id":19874433,"prb_id":6905,"timestamp":1613779298,"msm_name":"Ping","from":"2400:c540:1:132::25","type":"ping","group_id":19874432,"step":240}
{"fw":5020,"mver":"2.2.1","lts":38,"dst_name":"80.242.193.157","af":4,"dst_addr":"80.242.193.157","src_addr":"103.253.132.25","proto":"ICMP","ttl":53,"size":64,"result":[{"rtt":290.731617},{"rtt":290.824779},{"rtt":290.62428}],"dup":0,"rcvd":3,"sent":3,"min":290.62428,"max":290.824779,"avg":290.726892,"msm_id":18358271,"prb_id":6905,"timestamp":1613779298,"msm_name":"Ping","from":"103.253.132.25","type":"ping","group_id":18358270,"step":240}
{"fw":5020,"mver":"2.2.1","lts":39,"dst_name":"213.238.162.218","af":4,"dst_addr":"213.238.162.218","src_addr":"103.253.132.25","proto":"ICMP","ttl":42,"size":64,"result":[{"rtt":343.520811},{"rtt":342.527094},{"rtt":344.200471}],"dup":0,"rcvd":3,"sent":3,"min":342.527094,"max":344.200471,"avg":343.4161253333,"msm_id":17762848,"prb_id":6905,"timestamp":1613779299,"msm_name":"Ping","from":"103.253.132.25","type":"ping","group_id":17762847,"step":240}
{"fw":5020,"mver":"2.2.1","lts":41,"dst_name":"199.119.65.55","af":4,"dst_addr":"199.119.65.55","src_addr":"103.253.132.25","proto":"ICMP","ttl":49,"size":64,"result":[{"rtt":255.132802},{"rtt":254.714498},{"rtt":254.901411}],"dup":0,"rcvd":3,"sent":3,"min":254.714498,"max":255.132802,"avg":254.916237,"msm_id":20309415,"prb_id":6905,"timestamp":1613779301,"msm_name":"Ping","from":"103.253.132.25","type":"ping","group_id":20309414,"step":240}
{"fw":5020,"mver":"2.2.1","lts":48,"dst_name":"103.121.34.150","af":4,"dst_addr":"103.121.34.150","src_addr":"103.253.132.25","proto":"ICMP","ttl":52,"size":64,"result":[{"rtt":143.550329},{"rtt":144.688515},{"rtt":143.79026}],"dup":0,"rcvd":3,"sent":3,"min":143.550329,"max":144.688515,"avg":144.0097013333,"msm_id":25584459,"prb_id":6905,"timestamp":1613779308,"msm_name":"Ping","from":"103.253.132.25","type":"ping","group_id":25584458,"step":240}
{"fw":5020,"mver":"2.2.1","lts":49,"dst_name":"173.248.145.27","af":4,"dst_addr":"173.248.145.27","src_addr":"103.253.132.25","proto":"ICMP","ttl":50,"size":64,"result":[{"rtt":247.82557},{"rtt":248.12301},{"rtt":247.836235}],"dup":0,"rcvd":3,"sent":3,"min":247.82557,"max":248.12301,"avg":247.9282716667,"msm_id":26526033,"prb_id":6905,"timestamp":1613779309,"msm_name":"Ping","from":"103.253.132.25","type":"ping","group_id":26526032,"step":240}
{"fw":5020,"mver":"2.2.1","lts":51,"dst_name":"2a06:fb80:0:ffff::29","af":6,"dst_addr":"2a06:fb80:0:ffff::29","src_addr":"2400:c540:1:132::25","proto":"ICMP","ttl":55,"size":64,"result":[{"rtt":182.998324},{"rtt":182.968772},{"rtt":220.676713}],"dup":0,"rcvd":3,"sent":3,"min":182.968772,"max":220.676713,"avg":195.5479363333,"msm_id":23606089,"prb_id":6905,"timestamp":1613779311,"msm_name":"Ping","from":"2400:c540:1:132::25","type":"ping","group_id":23606088,"step":240}
{"fw":5020,"mver":"2.2.1","lts":51,"dst_name":"85.185.93.118","af":4,"dst_addr":"85.185.93.118","src_addr":"103.253.132.25","proto":"ICMP","ttl":44,"size":64,"result":[{"rtt":391.341123},{"rtt":388.100954},{"rtt":387.999324}],"dup":0,"rcvd":3,"sent":3,"min":387.999324,"max":391.341123,"avg":389.1471336667,"msm_id":22581660,"prb_id":6905,"timestamp":1613779311,"msm_name":"Ping","from":"103.253.132.25","type":"ping","group_id":22581659,"step":240}
{"fw":5020,"mver":"2.2.1","lts":52,"dst_name":"185.142.152.28","af":4,"dst_addr":"185.142.152.28","src_addr":"103.253.132.25","proto":"ICMP","ttl":53,"size":64,"result":[{"rtt":209.001623},{"rtt":208.975977},{"rtt":208.954458}],"dup":0,"rcvd":3,"sent":3,"min":208.954458,"max":209.001623,"avg":208.9773526667,"msm_id":16535220,"prb_id":6905,"timestamp":1613779312,"msm_name":"Ping","from":"103.253.132.25","type":"ping","group_id":16535219,"step":240}
{"fw":5020,"mver":"2.2.1","lts":53,"dst_name":"81.211.197.45","af":4,"dst_addr":"81.211.197.45","src_addr":"103.253.132.25","proto":"ICMP","ttl":54,"size":64,"result":[{"rtt":300.061489},{"rtt":300.828804},{"rtt":300.421432}],"dup":0,"rcvd":3,"sent":3,"min":300.061489,"max":300.828804,"avg":300.4372416667,"msm_id":24253494,"prb_id":6905,"timestamp":1613779313,"msm_name":"Ping","from":"103.253.132.25","type":"ping","group_id":24253493,"step":240}
{"fw":5020,"mver":"2.2.1","lts":53,"dst_name":"77.242.176.16","af":4,"dst_addr":"77.242.176.16","src_addr":"103.253.132.25","proto":"ICMP","ttl":49,"size":64,"result":[{"rtt":291.406615},{"rtt":290.336154},{"rtt":290.580414}],"dup":0,"rcvd":3,"sent":3,"min":290.336154,"max":291.406615,"avg":290.7743943333,"msm_id":24772162,"prb_id":6905,"timestamp":1613779313,"msm_name":"Ping","from":"103.253.132.25","type":"ping","group_id":24772161,"step":240}
{"fw":5020,"mver":"2.2.1","lts":54,"dst_name":"197.239.73.59","af":4,"dst_addr":"197.239.73.59","src_addr":"103.253.132.25","proto":"ICMP","ttl":51,"size":64,"result":[{"rtt":395.720611},{"rtt":396.60829},{"rtt":395.61302}],"dup":0,"rcvd":3,"sent":3,"min":395.61302,"max":396.60829,"avg":395.9806403333,"msm_id":9238670,"prb_id":6905,"timestamp":1613779314,"msm_name":"Ping","from":"103.253.132.25","type":"ping","group_id":9238669,"step":240}
{"fw":5020,"mver":"2.2.1","lts":55,"dst_name":"2606:2800:4020:c::a","af":6,"dst_addr":"2606:2800:4020:c::a","src_addr":"2400:c540:1:132::25","proto":"ICMP","size":48,"result":[{"x":"*"},{"x":"*"},{"x":"*"}],"dup":0,"rcvd":0,"sent":3,"min":-1,"max":-1,"avg":-1,"msm_id":7894779,"prb_id":6905,"timestamp":1613779315,"msm_name":"Ping","from":"2400:c540:1:132::25","type":"ping","group_id":7894778,"step":240}
{"fw":5020,"mver":"2.2.1","lts":56,"dst_name":"91.185.6.14","af":4,"dst_addr":"91.185.6.14","src_addr":"103.253.132.25","proto":"ICMP","ttl":46,"size":64,"result":[{"rtt":358.952051},{"rtt":358.823531},{"rtt":359.63506}],"dup":0,"rcvd":3,"sent":3,"min":358.823531,"max":359.63506,"avg":359.1368806667,"msm_id":27844838,"prb_id":6905,"timestamp":1613779316,"msm_name":"Ping","from":"103.253.132.25","type":"ping","group_id":27844837,"step":240}
{"fw":5020,"mver":"2.2.1","lts":58,"dst_name":"2a03:32c0:1009::4","af":6,"dst_addr":"2a03:32c0:1009::4","src_addr":"2400:c540:1:132::25","proto":"ICMP","ttl":53,"size":64,"result":[{"rtt":254.702594},{"rtt":254.861901},{"rtt":254.531515}],"dup":0,"rcvd":3,"sent":3,"min":254.531515,"max":254.861901,"avg":254.69867,"msm_id":24157452,"prb_id":6905,"timestamp":1613779318,"msm_name":"Ping","from":"2400:c540:1:132::25","type":"ping","group_id":24157451,"step":240}
{"fw":5020,"mver":"2.2.1","lts":59,"dst_name":"2001:7c0:0:1012::1","af":6,"dst_addr":"2001:7c0:0:1012::1","src_addr":"2400:c540:1:132::25","proto":"ICMP","ttl":55,"size":64,"result":[{"rtt":257.042909},{"rtt":257.034173},{"rtt":256.92949}],"dup":0,"rcvd":3,"sent":3,"min":256.92949,"max":257.042909,"avg":257.0021906667,"msm_id":23589840,"prb_id":6905,"timestamp":1613779319,"msm_name":"Ping","from":"2400:c540:1:132::25","type":"ping","group_id":23589839,"step":240}
{"fw":5020,"mver":"2.2.1","lts":60,"dst_name":"81.211.172.36","af":4,"dst_addr":"81.211.172.36","src_addr":"103.253.132.25","proto":"ICMP","size":64,"result":[{"x":"*"},{"x":"*"},{"x":"*"}],"dup":0,"rcvd":0,"sent":3,"min":-1,"max":-1,"avg":-1,"msm_id":23883575,"prb_id":6905,"timestamp":1613779320,"msm_name":"Ping","from":"103.253.132.25","type":"ping","group_id":23883574,"step":240}
{"fw":5020,"mver":"2.2.1","lts":64,"dst_name":"185.70.41.236","af":4,"dst_addr":"185.70.41.236","src_addr":"103.253.132.25","proto":"ICMP","ttl":53,"size":64,"result":[{"rtt":207.712306},{"rtt":207.832231},{"rtt":208.01071}],"dup":0,"rcvd":3,"sent":3,"min":207.712306,"max":208.01071,"avg":207.851749,"msm_id":26984372,"prb_id":6905,"timestamp":1613779324,"msm_name":"Ping","from":"103.253.132.25","type":"ping","group_id":26984371,"step":240}
{"fw":5020,"mver":"2.2.1","lts":66,"dst_name":"2401:3bc0:400:222:1d2:9d19:dae3:1","af":6,"dst_addr":"2401:3bc0:400:222:1d2:9d19:dae3:1","src_addr":"2400:c540:1:132::25","proto":"ICMP","ttl":57,"size":64,"result":[{"rtt":113.937964},{"rtt":114.226925},{"rtt":195.054004}],"dup":0,"rcvd":3,"sent":3,"min":113.937964,"max":195.054004,"avg":141.0729643333,"msm_id":28381034,"prb_id":6905,"timestamp":1613779326,"msm_name":"Ping","from":"2400:c540:1:132::25","type":"ping","group_id":28381033,"step":240}
{"fw":5020,"mver":"2.2.1","lts":66,"dst_name":"63.222.40.114","af":4,"dst_addr":"63.222.40.114","src_addr":"103.253.132.25","proto":"ICMP","ttl":57,"size":64,"result":[{"rtt":73.056212},{"rtt":73.174058},{"rtt":73.188487}],"dup":0,"rcvd":3,"sent":3,"min":73.056212,"max":73.188487,"avg":73.1395856667,"msm_id":26069764,"prb_id":6905,"timestamp":1613779326,"msm_name":"Ping","from":"103.253.132.25","type":"ping","group_id":26069763,"step":240}
{"fw":5020,"mver":"2.2.1","lts":70,"dst_name":"2001:a10:e0:5::2","af":6,"dst_addr":"2001:a10:e0:5::2","src_addr":"2400:c540:1:132::25","proto":"ICMP","ttl":55,"size":64,"result":[{"rtt":189.519239},{"rtt":189.0143},{"rtt":189.479751}],"dup":0,"rcvd":3,"sent":3,"min":189.0143,"max":189.519239,"avg":189.3377633333,"msm_id":23886657,"prb_id":6905,"timestamp":1613779330,"msm_name":"Ping","from":"2400:c540:1:132::25","type":"ping","group_id":23886656,"step":240}
{"fw":5020,"mver":"2.2.1","lts":70,"dst_name":"2800:68:10:c3d1:a:0:a71a:5","af":6,"dst_addr":"2800:68:10:c3d1:a:0:a71a:5","src_addr":"2400:c540:1:132::25","proto":"ICMP","ttl":47,"size":64,"result":[{"rtt":309.118564},{"rtt":307.694663},{"rtt":307.611702}],"dup":0,"rcvd":3,"sent":3,"min":307.611702,"max":309.118564,"avg":308.141643,"msm_id":19206684,"prb_id":6905,"timestamp":1613779330,"msm_name":"Ping","from":"2400:c540:1:132::25","type":"ping","group_id":19206683,"step":240}
{"fw":5020,"mver":"2.2.1","lts":72,"dst_name":"bknix.co.th","ttr":28.521709,"af":4,"dst_addr":"203.159.70.23","src_addr":"103.253.132.25","proto":"ICMP","ttl":58,"size":48,"result":[{"rtt":1.864346},{"rtt":1.991133},{"rtt":1.939437}],"dup":0,"rcvd":3,"sent":3,"min":1.864346,"max":1.991133,"avg":1.9316386667,"msm_id":2929770,"prb_id":6905,"timestamp":1613779332,"msm_name":"Ping","from":"103.253.132.25","type":"ping","group_id":2929770,"step":1800}
{"fw":5020,"mver":"2.2.1","lts":73,"dst_name":"2003:96:e002:d::2","af":6,"dst_addr":"2003:96:e002:d::2","src_addr":"2400:c540:1:132::25","proto":"ICMP","ttl":55,"size":64,"result":[{"rtt":181.500246},{"rtt":181.30913},{"rtt":181.978513}],"dup":0,"rcvd":3,"sent":3,"min":181.30913,"max":181.978513,"avg":181.595963,"msm_id":23861869,"prb_id":6905,"timestamp":1613779333,"msm_name":"Ping","from":"2400:c540:1:132::25","type":"ping","group_id":23861868,"step":240}
{"fw":5020,"mver":"2.2.1","lts":74,"dst_name":"2a0b:aa80::16","af":6,"dst_addr":"2a0b:aa80::16","src_addr":"2400:c540:1:132::25","proto":"ICMP","ttl":57,"size":64,"result":[{"rtt":170.200314},{"rtt":175.400753},{"rtt":169.775629}],"dup":0,"rcvd":3,"sent":3,"min":169.775629,"max":175.400753,"avg":171.792232,"msm_id":24772165,"prb_id":6905,"timestamp":1613779334,"msm_name":"Ping","from":"2400:c540:1:132::25","type":"ping","group_id":24772164,"step":240}
{"fw":5020,"mver":"2.2.1","lts":75,"dst_name":"196.6.220.42","af":4,"dst_addr":"196.6.220.42","src_addr":"103.253.132.25","proto":"ICMP","ttl":54,"size":64,"result":[{"rtt":284.539894},{"rtt":285.112436},{"rtt":284.556924}],"dup":0,"rcvd":3,"sent":3,"min":284.539894,"max":285.112436,"avg":284.736418,"msm_id":27849462,"prb_id":6905,"timestamp":1613779335,"msm_name":"Ping","from":"103.253.132.25","type":"ping","group_id":27849461,"step":240}
{"fw":5020,"mver":"2.2.1","lts":75,"dst_name":"2a0d:1a43:c010:127::","af":6,"dst_addr":"2a0d:1a43:c010:127::","src_addr":"2400:c540:1:132::25","proto":"ICMP","ttl":55,"size":64,"result":[{"rtt":204.732564},{"rtt":204.448678},{"rtt":204.320094}],"dup":0,"rcvd":3,"sent":3,"min":204.320094,"max":204.732564,"avg":204.5004453333,"msm_id":26509370,"prb_id":6905,"timestamp":1613779335,"msm_name":"Ping","from":"2400:c540:1:132::25","type":"ping","group_id":26509369,"step":240}
{"fw":5020,"mver":"2.2.1","lts":77,"dst_name":"2001:43f8:7b0:10::42","af":6,"dst_addr":"2001:43f8:7b0:10::42","src_addr":"2400:c540:1:132::25","proto":"ICMP","ttl":57,"size":64,"result":[{"rtt":194.139511},{"rtt":192.435125},{"rtt":194.272903}],"dup":0,"rcvd":3,"sent":3,"min":192.435125,"max":194.272903,"avg":193.6158463333,"msm_id":27849465,"prb_id":6905,"timestamp":1613779337,"msm_name":"Ping","from":"2400:c540:1:132::25","type":"ping","group_id":27849464,"step":240}
{"fw":5020,"mver":"2.2.1","lts":79,"dst_name":"2a0e:b100:1:2d0c::45c9","af":6,"dst_addr":"2a0e:b100:1:2d0c::45c9","src_addr":"2400:c540:1:132::25","proto":"ICMP","size":64,"result":[{"x":"*"},{"x":"*"},{"x":"*"}],"dup":0,"rcvd":0,"sent":3,"min":-1,"max":-1,"avg":-1,"msm_id":22675350,"prb_id":6905,"timestamp":1613779339,"msm_name":"Ping","from":"2400:c540:1:132::25","type":"ping","group_id":22675349,"step":240}
{"fw":5020,"mver":"2.2.1","lts":81,"dst_name":"2a0b:97c0:0:110::2","af":6,"dst_addr":"2a0b:97c0:0:110::2","src_addr":"2400:c540:1:132::25","proto":"ICMP","ttl":55,"size":64,"result":[{"rtt":285.660157},{"rtt":285.83396},{"rtt":289.791537}],"dup":0,"rcvd":3,"sent":3,"min":285.660157,"max":289.791537,"avg":287.095218,"msm_id":23059819,"prb_id":6905,"timestamp":1613779341,"msm_name":"Ping","from":"2400:c540:1:132::25","type":"ping","group_id":23059818,"step":240}
{"fw":5020,"mver":"2.2.1","lts":82,"dst_name":"208.73.138.12","af":4,"dst_addr":"208.73.138.12","src_addr":"103.253.132.25","proto":"ICMP","ttl":49,"size":64,"result":[{"rtt":245.788327},{"rtt":245.751898},{"rtt":245.782144}],"dup":0,"rcvd":3,"sent":3,"min":245.751898,"max":245.788327,"avg":245.774123,"msm_id":17729330,"prb_id":6905,"timestamp":1613779342,"msm_name":"Ping","from":"103.253.132.25","type":"ping","group_id":17729329,"step":240}
{"fw":5020,"mver":"2.2.1","lts":82,"dst_name":"45.77.229.242","af":4,"dst_addr":"45.77.229.242","src_addr":"103.253.132.25","proto":"ICMP","ttl":54,"size":64,"result":[{"rtt":183.338535},{"rtt":183.465342},{"rtt":183.287215}],"dup":0,"rcvd":3,"sent":3,"min":183.287215,"max":183.465342,"avg":183.3636973333,"msm_id":21992845,"prb_id":6905,"timestamp":1613779342,"msm_name":"Ping","from":"103.253.132.25","type":"ping","group_id":21992844,"step":240}
{"fw":5020,"mver":"2.2.1","lts":82,"dst_name":"2001:a60:91ea::16","af":6,"dst_addr":"2001:a60:91ea::16","src_addr":"2400:c540:1:132::25","proto":"ICMP","ttl":55,"size":64,"result":[{"rtt":179.226228},{"rtt":179.102182},{"rtt":180.350525}],"dup":0,"rcvd":3,"sent":3,"min":179.102182,"max":180.350525,"avg":179.559645,"msm_id":24218913,"prb_id":6905,"timestamp":1613779342,"msm_name":"Ping","from":"2400:c540:1:132::25","type":"ping","group_id":24218912,"step":240}
{"fw":5020,"mver":"2.2.1","lts":83,"dst_name":"2a03:32c0:9009::4","af":6,"dst_addr":"2a03:32c0:9009::4","src_addr":"2400:c540:1:132::25","proto":"ICMP","ttl":53,"size":64,"result":[{"rtt":270.401949},{"rtt":270.478035},{"rtt":270.369178}],"dup":0,"rcvd":3,"sent":3,"min":270.369178,"max":270.478035,"avg":270.4163873333,"msm_id":24256199,"prb_id":6905,"timestamp":1613779343,"msm_name":"Ping","from":"2400:c540:1:132::25","type":"ping","group_id":24256198,"step":240}
{"fw":5020,"mver":"2.2.1","lts":85,"dst_name":"31.14.143.132","af":4,"dst_addr":"31.14.143.132","src_addr":"103.253.132.25","proto":"ICMP","ttl":52,"size":64,"result":[{"rtt":226.256608},{"rtt":226.873896},{"rtt":229.888493}],"dup":0,"rcvd":3,"sent":3,"min":226.256608,"max":229.888493,"avg":227.672999,"msm_id":19850040,"prb_id":6905,"timestamp":1613779345,"msm_name":"Ping","from":"103.253.132.25","type":"ping","group_id":19850039,"step":240}
{"fw":5020,"mver":"2.2.1","lts":87,"dst_name":"195.209.139.36","af":4,"dst_addr":"195.209.139.36","src_addr":"103.253.132.25","proto":"ICMP","ttl":54,"size":64,"result":[{"rtt":244.862917},{"rtt":245.226437},{"rtt":244.884256}],"dup":0,"rcvd":3,"sent":3,"min":244.862917,"max":245.226437,"avg":244.9912033333,"msm_id":20447878,"prb_id":6905,"timestamp":1613779347,"msm_name":"Ping","from":"103.253.132.25","type":"ping","group_id":20447877,"step":240}
{"fw":5020,"mver":"2.2.1","lts":87,"dst_name":"2a03:90c0:c6::4d","af":6,"dst_addr":"2a03:90c0:c6::4d","src_addr":"2400:c540:1:132::25","proto":"ICMP","ttl":50,"size":64,"result":[{"rtt":246.163507},{"rtt":245.932169},{"rtt":245.582839}],"dup":0,"rcvd":3,"sent":3,"min":245.582839,"max":246.163507,"avg":245.8928383333,"msm_id":23157000,"prb_id":6905,"timestamp":1613779347,"msm_name":"Ping","from":"2400:c540:1:132::25","type":"ping","group_id":23156999,"step":240}
{"fw":5020,"mver":"2.2.1","lts":87,"dst_name":"195.253.76.130","af":4,"dst_addr":"195.253.76.130","src_addr":"103.253.132.25","proto":"ICMP","ttl":57,"size":64,"result":[{"rtt":218.804403},{"rtt":218.399927},{"rtt":219.126702}],"dup":0,"rcvd":3,"sent":3,"min":218.399927,"max":219.126702,"avg":218.7770106667,"msm_id":19647105,"prb_id":6905,"timestamp":1613779347,"msm_name":"Ping","from":"103.253.132.25","type":"ping","group_id":19647104,"step":240}
{"fw":5020,"mver":"2.2.1","lts":90,"dst_name":"2a0b:15c0:abcd:1::abcd:ac05","af":6,"dst_addr":"2a0b:15c0:abcd:1::abcd:ac05","src_addr":"2400:c540:1:132::25","proto":"ICMP","ttl":51,"size":64,"result":[{"rtt":205.40641},{"rtt":205.204695},{"rtt":205.262069}],"dup":0,"rcvd":3,"sent":3,"min":205.204695,"max":205.40641,"avg":205.291058,"msm_id":21049935,"prb_id":6905,"timestamp":1613779350,"msm_name":"Ping","from":"2400:c540:1:132::25","type":"ping","group_id":21049934,"step":240}
{"fw":5020,"mver":"2.2.1","lts":92,"dst_name":"200.1.122.55","af":4,"dst_addr":"200.1.122.55","src_addr":"103.253.132.25","proto":"ICMP","ttl":51,"size":64,"result":[{"rtt":435.443842},{"rtt":434.349822},{"rtt":434.247431}],"dup":0,"rcvd":3,"sent":3,"min":434.247431,"max":435.443842,"avg":434.680365,"msm_id":21771943,"prb_id":6905,"timestamp":1613779352,"msm_name":"Ping","from":"103.253.132.25","type":"ping","group_id":21771942,"step":240}
{"fw":5020,"mver":"2.2.1","lts":93,"dst_name":"194.187.174.6","af":4,"dst_addr":"194.187.174.6","src_addr":"103.253.132.25","proto":"ICMP","ttl":55,"size":64,"result":[{"rtt":196.115023},{"rtt":195.668441},{"rtt":195.639727}],"dup":0,"rcvd":3,"sent":3,"min":195.639727,"max":196.115023,"avg":195.8077303333,"msm_id":17996320,"prb_id":6905,"timestamp":1613779353,"msm_name":"Ping","from":"103.253.132.25","type":"ping","group_id":17996319,"step":240}
{"fw":5020,"mver":"2.2.1","lts":94,"dst_name":"200.94.183.170","af":4,"dst_addr":"200.94.183.170","src_addr":"103.253.132.25","proto":"ICMP","ttl":51,"size":64,"result":[{"rtt":271.188745},{"rtt":271.159202},{"rtt":270.897003}],"dup":0,"rcvd":3,"sent":3,"min":270.897003,"max":271.188745,"avg":271.08165,"msm_id":16581572,"prb_id":6905,"timestamp":1613779354,"msm_name":"Ping","from":"103.253.132.25","type":"ping","group_id":16581571,"step":240}
{"fw":5020,"mver":"2.2.1","lts":95,"dst_name":"2604:e180:de03::5","af":6,"dst_addr":"2604:e180:de03::5","src_addr":"2400:c540:1:132::25","proto":"ICMP","ttl":52,"size":64,"result":[{"rtt":189.870128},{"rtt":189.686171},{"rtt":189.65176}],"dup":0,"rcvd":3,"sent":3,"min":189.65176,"max":189.870128,"avg":189.7360196667,"msm_id":18114642,"prb_id":6905,"timestamp":1613779355,"msm_name":"Ping","from":"2400:c540:1:132::25","type":"ping","group_id":18114641,"step":240}
{"fw":5020,"mver":"2.2.1","lts":110,"dst_name":"109.248.43.37","af":4,"dst_addr":"109.248.43.37","src_addr":"103.253.132.25","proto":"ICMP","ttl":51,"size":64,"result":[{"rtt":205.344058},{"rtt":205.103988},{"rtt":205.450356}],"dup":0,"rcvd":3,"sent":3,"min":205.103988,"max":205.450356,"avg":205.2994673333,"msm_id":21295724,"prb_id":6905,"timestamp":1613779370,"msm_name":"Ping","from":"103.253.132.25","type":"ping","group_id":21295723,"step":240}
{"fw":5020,"mver":"2.2.1","lts":111,"dst_name":"2a0e:5c00:1::161","af":6,"dst_addr":"2a0e:5c00:1::161","src_addr":"2400:c540:1:132::25","proto":"ICMP","ttl":55,"size":64,"result":[{"rtt":176.0866},{"rtt":188.532754},{"rtt":186.015804}],"dup":0,"rcvd":3,"sent":3,"min":176.0866,"max":188.532754,"avg":183.5450526667,"msm_id":23928701,"prb_id":6905,"timestamp":1613779371,"msm_name":"Ping","from":"2400:c540:1:132::25","type":"ping","group_id":23928700,"step":240}
{"fw":5020,"mver":"2.2.1","lts":114,"dst_name":"80.237.204.24","af":4,"dst_addr":"80.237.204.24","src_addr":"103.253.132.25","proto":"ICMP","ttl":55,"size":64,"result":[{"rtt":216.095706},{"rtt":216.066937},{"rtt":216.133029}],"dup":0,"rcvd":3,"sent":3,"min":216.066937,"max":216.133029,"avg":216.0985573333,"msm_id":25984931,"prb_id":6905,"timestamp":1613779374,"msm_name":"Ping","from":"103.253.132.25","type":"ping","group_id":25984930,"step":240}
{"fw":5020,"mver":"2.2.1","lts":114,"dst_name":"2606:2800:4262:c::a","af":6,"dst_addr":"2606:2800:4262:c::a","src_addr":"2400:c540:1:132::25","proto":"ICMP","ttl":53,"size":64,"result":[{"rtt":233.325899},{"rtt":234.157916},{"rtt":233.029861}],"dup":0,"rcvd":3,"sent":3,"min":233.029861,"max":234.157916,"avg":233.5045586667,"msm_id":21440592,"prb_id":6905,"timestamp":1613779374,"msm_name":"Ping","from":"2400:c540:1:132::25","type":"ping","group_id":21440591,"step":240}
{"fw":5020,"mver":"2.2.1","lts":44,"dst_name":"2001:4b98:dc0:41:ffff::1","af":6,"dst_addr":"2001:4b98:dc0:41:ffff::1","src_addr":"2001:67c:124c:e000::10","proto":"ICMP","ttl":51,"size":64,"result":[{"rtt":34.345204},{"rtt":34.320595},{"rtt":34.417301}],"dup":0,"rcvd":3,"sent":3,"min":34.320595,"max":34.417301,"avg":34.3610333333,"msm_id":28422769,"prb_id":6851,"timestamp":1613779372,"msm_name":"Ping","from":"2001:67c:124c:e000::10","type":"ping","group_id":28422768,"step":240}
{"fw":5020,"mver":"2.2.1","lts":44,"dst_name":"45.76.126.106","af":4,"dst_addr":"45.76.126.106","src_addr":"213.108.25.10","proto":"ICMP","ttl":43,"size":64,"result":[{"rtt":399.046831},{"rtt":399.098206},{"rtt":399.179042}],"dup":0,"rcvd":3,"sent":3,"min":399.046831,"max":399.179042,"avg":399.1080263333,"msm_id":19649596,"prb_id":6851,"timestamp":1613779372,"msm_name":"Ping","from":"213.108.25.10","type":"ping","group_id":19649595,"step":240}
{"fw":5020,"mver":"2.2.1","lts":46,"dst_name":"103.62.50.173","af":4,"dst_addr":"103.62.50.173","src_addr":"213.108.25.10","proto":"ICMP","ttl":51,"size":64,"result":[{"rtt":283.926521},{"rtt":283.899546},{"rtt":283.944078}],"dup":0,"rcvd":3,"sent":3,"min":283.899546,"max":283.944078,"avg":283.9233816667,"msm_id":28381977,"prb_id":6851,"timestamp":1613779374,"msm_name":"Ping","from":"213.108.25.10","type":"ping","group_id":28381976,"step":240}
{"fw":5020,"mver":"2.2.1","lts":46,"dst_name":"45.86.126.73","af":4,"dst_addr":"45.86.126.73","src_addr":"213.108.25.10","proto":"ICMP","ttl":56,"size":64,"result":[{"rtt":34.358163},{"rtt":42.690989},{"rtt":34.085821}],"dup":0,"rcvd":3,"sent":3,"min":34.085821,"max":42.690989,"avg":37.044991,"msm_id":27268741,"prb_id":6851,"timestamp":1613779374,"msm_name":"Ping","from":"213.108.25.10","type":"ping","group_id":27268740,"step":240}
{"fw":5020,"mver":"2.2.1","lts":50,"dst_name":"213.9.97.164","af":4,"dst_addr":"213.9.97.164","src_addr":"213.108.25.10","proto":"ICMP","ttl":54,"size":48,"result":[{"rtt":29.569606},{"rtt":29.514624},{"rtt":29.542623}],"dup":0,"rcvd":3,"sent":3,"min":29.514624,"max":29.569606,"avg":29.5422843333,"msm_id":4480005,"prb_id":6851,"timestamp":1613779378,"msm_name":"Ping","from":"213.108.25.10","type":"ping","group_id":4480004,"step":240}
{"fw":5020,"mver":"2.2.1","lts":35,"dst_name":"193.150.67.79","af":4,"dst_addr":"193.150.67.79","src_addr":"5.79.112.97","proto":"ICMP","ttl":54,"size":64,"result":[{"rtt":34.891024},{"rtt":34.892601},{"rtt":35.870422}],"dup":0,"rcvd":3,"sent":3,"min":34.891024,"max":35.870422,"avg":35.2180156667,"msm_id":28142312,"prb_id":6713,"timestamp":1613779353,"msm_name":"Ping","from":"5.79.112.97","type":"ping","group_id":28142311,"step":240}
{"fw":5020,"mver":"2.2.1","lts":38,"dst_name":"185.233.100.99","af":4,"dst_addr":"185.233.100.99","src_addr":"5.79.112.97","proto":"ICMP","ttl":57,"size":64,"result":[{"rtt":22.151566},{"rtt":22.455733},{"rtt":22.722246}],"dup":0,"rcvd":3,"sent":3,"min":22.151566,"max":22.722246,"avg":22.4431816667,"msm_id":10404698,"prb_id":6713,"timestamp":1613779356,"msm_name":"Ping","from":"5.79.112.97","type":"ping","group_id":10404697,"step":240}
{"fw":5020,"mver":"2.2.1","lts":39,"dst_name":"37.49.234.132","af":4,"dst_addr":"37.49.234.132","src_addr":"5.79.112.97","proto":"ICMP","ttl":58,"size":64,"result":[{"rtt":11.359196},{"rtt":11.709375},{"rtt":11.260507}],"dup":0,"rcvd":3,"sent":3,"min":11.260507,"max":11.709375,"avg":11.443026,"msm_id":22718875,"prb_id":6713,"timestamp":1613779357,"msm_name":"Ping","from":"5.79.112.97","type":"ping","group_id":22718874,"step":240}
{"fw":5020,"mver":"2.2.1","lts":40,"dst_name":"2001:418:0:3005::2","af":6,"dst_addr":"2001:418:0:3005::2","src_addr":"2001:1af8:4300:a040:aa00:1fff:faee:97","proto":"ICMP","ttl":59,"size":48,"result":[{"rtt":112.285425},{"rtt":112.295062},{"rtt":112.243053}],"dup":0,"rcvd":3,"sent":3,"min":112.243053,"max":112.295062,"avg":112.2745133333,"msm_id":1666041,"prb_id":6713,"timestamp":1613779358,"msm_name":"Ping","from":"2001:1af8:4300:a040:aa00:1fff:faee:97","type":"ping","group_id":1666041,"step":240}
{"fw":5020,"mver":"2.2.1","lts":41,"dst_name":"2a00:c440:1337:6e52::2","af":6,"dst_addr":"2a00:c440:1337:6e52::2","src_addr":"2001:1af8:4300:a040:aa00:1fff:faee:97","proto":"ICMP","ttl":58,"size":48,"result":[{"rtt":19.085179},{"rtt":19.088801},{"rtt":19.092923}],"dup":0,"rcvd":3,"sent":3,"min":19.085179,"max":19.092923,"avg":19.0889676667,"msm_id":7969763,"prb_id":6713,"timestamp":1613779359,"msm_name":"Ping","from":"2001:1af8:4300:a040:aa00:1fff:faee:97","type":"ping","group_id":7969762,"step":240}
{"fw":5020,"mver":"2.2.1","lts":42,"dst_name":"2a00:c3a0:26:3::140","af":6,"dst_addr":"2a00:c3a0:26:3::140","src_addr":"2001:1af8:4300:a040:aa00:1fff:faee:97","proto":"ICMP","ttl":54,"size":64,"result":[{"rtt":42.980022},{"rtt":42.812746},{"rtt":42.682365}],"dup":0,"rcvd":3,"sent":3,"min":42.682365,"max":42.980022,"avg":42.8250443333,"msm_id":23857337,"prb_id":6713,"timestamp":1613779360,"msm_name":"Ping","from":"2001:1af8:4300:a040:aa00:1fff:faee:97","type":"ping","group_id":23857336,"step":240}
{"fw":5020,"mver":"2.2.1","lts":49,"dst_name":"45.33.72.12","af":4,"dst_addr":"45.33.72.12","src_addr":"5.79.112.97","proto":"ICMP","ttl":55,"size":32,"result":[{"rtt":79.480142},{"rtt":79.560403},{"rtt":79.482813}],"dup":0,"rcvd":3,"sent":3,"min":79.480142,"max":79.560403,"avg":79.507786,"msm_id":1029,"prb_id":6713,"timestamp":1613779367,"msm_name":"Ping","from":"5.79.112.97","type":"ping","step":240}
{"fw":5020,"mver":"2.2.1","lts":51,"dst_name":"2a03:90c0:83:2908::12","af":6,"dst_addr":"2a03:90c0:83:2908::12","src_addr":"2001:1af8:4300:a040:aa00:1fff:faee:97","proto":"ICMP","ttl":57,"size":64,"result":[{"rtt":32.304027},{"rtt":32.257458},{"rtt":32.456308}],"dup":0,"rcvd":3,"sent":3,"min":32.257458,"max":32.456308,"avg":32.3392643333,"msm_id":23154967,"prb_id":6713,"timestamp":1613779369,"msm_name":"Ping","from":"2001:1af8:4300:a040:aa00:1fff:faee:97","type":"ping","group_id":23154966,"step":240}
{"fw":5020,"mver":"2.2.1","lts":51,"dst_name":"2a01:280:108:4000::9","af":6,"dst_addr":"2a01:280:108:4000::9","src_addr":"2001:1af8:4300:a040:aa00:1fff:faee:97","proto":"ICMP","ttl":58,"size":64,"result":[{"rtt":21.126031},{"rtt":21.153962},{"rtt":21.157086}],"dup":0,"rcvd":3,"sent":3,"min":21.126031,"max":21.157086,"avg":21.145693,"msm_id":8063355,"prb_id":6713,"timestamp":1613779369,"msm_name":"Ping","from":"2001:1af8:4300:a040:aa00:1fff:faee:97","type":"ping","group_id":8063354,"step":240}
{"fw":5020,"mver":"2.2.1","lts":52,"dst_name":"2001:1ac0:0:200:0:a5d1:6004:27","af":6,"dst_addr":"2001:1ac0:0:200:0:a5d1:6004:27","src_addr":"2001:1af8:4300:a040:aa00:1fff:faee:97","proto":"ICMP","ttl":55,"size":48,"result":[{"rtt":24.830027},{"rtt":25.119821},{"rtt":24.798614}],"dup":0,"rcvd":3,"sent":3,"min":24.798614,"max":25.119821,"avg":24.916154,"msm_id":1791294,"prb_id":6713,"timestamp":1613779370,"msm_name":"Ping","from":"2001:1af8:4300:a040:aa00:1fff:faee:97","type":"ping","group_id":1791294,"step":240}
{"fw":5020,"mver":"2.2.1","lts":56,"dst_name":"141.105.133.30","af":4,"dst_addr":"141.105.133.30","src_addr":"5.79.112.97","proto":"ICMP","ttl":58,"size":64,"result":[{"rtt":38.153979},{"rtt":38.13838},{"rtt":37.969974}],"dup":0,"rcvd":3,"sent":3,"min":37.969974,"max":38.153979,"avg":38.0874443333,"msm_id":29089931,"prb_id":6713,"timestamp":1613779374,"msm_name":"Ping","from":"5.79.112.97","type":"ping","group_id":29089930,"step":240}
{"fw":5020,"mver":"2.2.1","lts":59,"dst_name":"194.116.77.35","af":4,"dst_addr":"194.116.77.35","src_addr":"5.79.112.97","proto":"ICMP","ttl":59,"size":64,"result":[{"rtt":25.160508},{"rtt":25.248408},{"rtt":25.084867}],"dup":0,"rcvd":3,"sent":3,"min":25.084867,"max":25.248408,"avg":25.1645943333,"msm_id":24649190,"prb_id":6713,"timestamp":1613779377,"msm_name":"Ping","from":"5.79.112.97","type":"ping","group_id":24649189,"step":240}
{"fw":5020,"mver":"2.2.1","lts":59,"dst_name":"2001:550:102:ff::c0a","af":6,"dst_addr":"2001:550:102:ff::c0a","src_addr":"2001:1af8:4300:a040:aa00:1fff:faee:97","proto":"ICMP","ttl":54,"size":64,"result":[{"rtt":82.201224},{"rtt":82.298295},{"rtt":82.129186}],"dup":0,"rcvd":3,"sent":3,"min":82.129186,"max":82.298295,"avg":82.2095683333,"msm_id":25587370,"prb_id":6713,"timestamp":1613779377,"msm_name":"Ping","from":"2001:1af8:4300:a040:aa00:1fff:faee:97","type":"ping","group_id":25587369,"step":240}
{"fw":5020,"mver":"2.2.1","lts":59,"dst_name":"2a00:e860:180::63","af":6,"dst_addr":"2a00:e860:180::63","src_addr":"2001:1af8:4300:a040:aa00:1fff:faee:97","proto":"ICMP","ttl":59,"size":64,"result":[{"rtt":14.977949},{"rtt":15.272712},{"rtt":15.030382}],"dup":0,"rcvd":3,"sent":3,"min":14.977949,"max":15.272712,"avg":15.093681,"msm_id":24669896,"prb_id":6713,"timestamp":1613779377,"msm_name":"Ping","from":"2001:1af8:4300:a040:aa00:1fff:faee:97","type":"ping","group_id":24669895,"step":240}
{"fw":5020,"mver":"2.2.1","lts":61,"dst_name":"185.91.44.9","af":4,"dst_addr":"185.91.44.9","src_addr":"5.79.112.97","proto":"ICMP","size":64,"result":[{"x":"*"},{"x":"*"},{"x":"*"}],"dup":0,"rcvd":0,"sent":3,"min":-1,"max":-1,"avg":-1,"msm_id":9204624,"prb_id":6713,"timestamp":1613779379,"msm_name":"Ping","from":"5.79.112.97","type":"ping","group_id":9204623,"step":240}
{"fw":5020,"mver":"2.2.1","lts":61,"dst_name":"95.47.236.146","af":4,"dst_addr":"95.47.236.146","src_addr":"5.79.112.97","proto":"ICMP","ttl":52,"size":64,"result":[{"rtt":28.714964},{"rtt":28.803478},{"rtt":28.661745}],"dup":0,"rcvd":3,"sent":3,"min":28.661745,"max":28.803478,"avg":28.726729,"msm_id":26055382,"prb_id":6713,"timestamp":1613779379,"msm_name":"Ping","from":"5.79.112.97","type":"ping","group_id":26055381,"step":240}
{"fw":5020,"mver":"2.2.1","lts":62,"dst_name":"107.162.223.5","af":4,"dst_addr":"107.162.223.5","src_addr":"5.79.112.97","proto":"ICMP","ttl":57,"size":64,"result":[{"rtt":134.182948},{"rtt":134.138705},{"rtt":134.186033}],"dup":0,"rcvd":3,"sent":3,"min":134.138705,"max":134.186033,"avg":134.1692286667,"msm_id":16631739,"prb_id":6713,"timestamp":1613779380,"msm_name":"Ping","from":"5.79.112.97","type":"ping","group_id":16631738,"step":240}
{"fw":5020,"mver":"2.2.1","lts":62,"dst_name":"34.68.239.153","af":4,"dst_addr":"34.68.239.153","src_addr":"5.79.112.97","proto":"ICMP","ttl":56,"size":64,"result":[{"rtt":112.547173},{"rtt":112.390335},{"rtt":112.453915}],"dup":0,"rcvd":3,"sent":3,"min":112.390335,"max":112.547173,"avg":112.4638076667,"msm_id":22933861,"prb_id":6713,"timestamp":1613779380,"msm_name":"Ping","from":"5.79.112.97","type":"ping","group_id":22933860,"step":240}
{"fw":5020,"mver":"2.2.1","lts":50,"dst_name":"2400:8800:1f15:a::2","af":6,"dst_addr":"2400:8800:1f15:a::2","src_addr":"2a02:b98:f181:c63b:c66e:1fff:fe3a:e5e6","proto":"ICMP","ttl":50,"size":64,"result":[{"rtt":340.752835},{"rtt":341.266135},{"rtt":341.349625}],"dup":0,"rcvd":3,"sent":3,"min":340.752835,"max":341.349625,"avg":341.122865,"msm_id":24774345,"prb_id":26911,"timestamp":1613779377,"msm_name":"Ping","from":"2a02:b98:f181:c63b:c66e:1fff:fe3a:e5e6","type":"ping","group_id":24774344,"step":240}
{"fw":5020,"mver":"2.2.1","lts":114,"dst_name":"2a04:6480:204::2","af":6,"dst_addr":"2a04:6480:204::2","src_addr":"2400:c540:1:132::25","proto":"ICMP","ttl":55,"size":64,"result":[{"rtt":181.900311},{"rtt":181.681286},{"rtt":181.74954}],"dup":0,"rcvd":3,"sent":3,"min":181.681286,"max":181.900311,"avg":181.7770456667,"msm_id":23120742,"prb_id":6905,"timestamp":1613779374,"msm_name":"Ping","from":"2400:c540:1:132::25","type":"ping","group_id":23120741,"step":240}
{"fw":5020,"mver":"2.2.1","lts":116,"dst_name":"2a00:74c0:0:2::20","af":6,"dst_addr":"2a00:74c0:0:2::20","src_addr":"2400:c540:1:132::25","proto":"ICMP","ttl":49,"size":64,"result":[{"rtt":211.114337},{"rtt":183.890073},{"rtt":183.981004}],"dup":0,"rcvd":3,"sent":3,"min":183.890073,"max":211.114337,"avg":192.995138,"msm_id":25639377,"prb_id":6905,"timestamp":1613779376,"msm_name":"Ping","from":"2400:c540:1:132::25","type":"ping","group_id":25639376,"step":240}
{"fw":5020,"mver":"2.2.1","lts":116,"dst_name":"103.40.209.7","af":4,"dst_addr":"103.40.209.7","src_addr":"103.253.132.25","proto":"ICMP","ttl":53,"size":64,"result":[{"rtt":106.381611},{"rtt":106.355712},{"rtt":107.008709}],"dup":0,"rcvd":3,"sent":3,"min":106.355712,"max":107.008709,"avg":106.5820106667,"msm_id":22371490,"prb_id":6905,"timestamp":1613779376,"msm_name":"Ping","from":"103.253.132.25","type":"ping","group_id":22371489,"step":240}
{"fw":5020,"mver":"2.2.1","lts":117,"dst_name":"103.41.247.100","af":4,"dst_addr":"103.41.247.100","src_addr":"103.253.132.25","proto":"ICMP","ttl":59,"size":64,"result":[{"rtt":40.659995},{"rtt":40.48221},{"rtt":40.655392}],"dup":0,"rcvd":3,"sent":3,"min":40.48221,"max":40.659995,"avg":40.599199,"msm_id":20367342,"prb_id":6905,"timestamp":1613779377,"msm_name":"Ping","from":"103.253.132.25","type":"ping","group_id":20367341,"step":240}
{"fw":5020,"mver":"2.2.1","lts":118,"dst_name":"212.7.0.250","af":4,"dst_addr":"212.7.0.250","src_addr":"103.253.132.25","proto":"ICMP","ttl":51,"size":64,"result":[{"rtt":291.293614},{"rtt":291.928711},{"rtt":291.37347}],"dup":0,"rcvd":3,"sent":3,"min":291.293614,"max":291.928711,"avg":291.5319316667,"msm_id":24186698,"prb_id":6905,"timestamp":1613779378,"msm_name":"Ping","from":"103.253.132.25","type":"ping","group_id":24186697,"step":240}
{"fw":5020,"mver":"2.2.1","lts":22,"dst_name":"193.0.19.59","af":4,"dst_addr":"193.0.19.59","src_addr":"192.168.2.21","proto":"ICMP","ttl":59,"size":20,"result":[{"rtt":10.422535},{"rtt":9.73691},{"rtt":9.79739}],"dup":0,"rcvd":3,"sent":3,"min":9.73691,"max":10.422535,"avg":9.9856116667,"msm_id":1030,"prb_id":34753,"timestamp":1613779352,"msm_name":"Ping","from":"79.203.59.102","type":"ping","step":240}
{"fw":5020,"mver":"2.2.1","lts":35,"dst_name":"139.162.27.28","af":4,"dst_addr":"139.162.27.28","src_addr":"100.127.21.21","proto":"ICMP","ttl":44,"size":20,"result":[{"rtt":258.8205},{"rtt":259.589635},{"rtt":258.74644}],"dup":0,"rcvd":3,"sent":3,"min":258.74644,"max":259.589635,"avg":259.0521916667,"msm_id":1027,"prb_id":26996,"timestamp":1613779364,"msm_name":"Ping","from":"188.239.177.145","type":"ping","step":240}
{"fw":5020,"mver":"2.2.1","lts":50,"dst_name":"2a03:b020:0:409::2","af":6,"dst_addr":"2a03:b020:0:409::2","src_addr":"2402:be80:ffff:1:c66e:1fff:fe5b:e51a","proto":"ICMP","size":64,"result":[{"x":"*"},{"x":"*"},{"x":"*"}],"dup":0,"rcvd":0,"sent":3,"min":-1,"max":-1,"avg":-1,"msm_id":24472925,"prb_id":24204,"timestamp":1613779278,"msm_name":"Ping","from":"2402:be80:ffff:1:c66e:1fff:fe5b:e51a","type":"ping","group_id":24472924,"step":240}
{"fw":5020,"mver":"2.2.1","lts":51,"dst_name":"2001:500:200::b","af":6,"dst_addr":"2001:500:200::b","src_addr":"2402:be80:ffff:1:c66e:1fff:fe5b:e51a","proto":"ICMP","ttl":44,"size":20,"result":[{"rtt":193.39303},{"rtt":193.660815},{"rtt":193.546275}],"dup":0,"rcvd":3,"sent":3,"min":193.39303,"max":193.660815,"avg":193.5333733333,"msm_id":2010,"prb_id":24204,"timestamp":1613779279,"msm_name":"Ping","from":"2402:be80:ffff:1:c66e:1fff:fe5b:e51a","type":"ping","step":240}
